Img. name,Benign,Malignant
SOB_B_A-14-22549G-100-001.png,27,1
SOB_B_A-14-22549G-100-002.png,24,4
SOB_B_A-14-22549G-100-003.png,18,10
SOB_B_A-14-22549G-100-004.png,22,6
SOB_B_A-14-22549G-100-005.png,25,3
SOB_B_A-14-22549G-100-006.png,23,5
SOB_B_A-14-22549G-100-007.png,18,10
SOB_B_A-14-22549G-100-008.png,25,3
SOB_B_A-14-22549G-100-009.png,23,5
SOB_B_A-14-22549G-100-010.png,28,0
SOB_B_A-14-22549G-100-011.png,28,0
SOB_B_A-14-22549G-100-012.png,26,2
SOB_B_A-14-22549G-100-013.png,26,2
SOB_B_A-14-22549G-100-014.png,24,4
SOB_B_A-14-22549G-100-015.png,18,10
SOB_B_A-14-22549G-100-016.png,17,11
SOB_B_A-14-22549G-100-017.png,21,7
SOB_B_A-14-22549G-100-018.png,10,18
SOB_B_A-14-22549G-100-019.png,19,9
SOB_B_A-14-22549G-100-020.png,18,10
SOB_B_A-14-22549G-100-021.png,15,13
SOB_B_A-14-22549G-100-022.png,22,6
SOB_B_A-14-22549G-100-023.png,25,3
SOB_B_A-14-22549G-100-024.png,23,5
SOB_B_A-14-22549G-100-025.png,28,0
SOB_B_A-14-22549G-100-026.png,26,2
SOB_B_A-14-22549G-100-027.png,27,1
SOB_B_A-14-22549G-100-028.png,22,6
SOB_B_A-14-22549G-100-029.png,27,1
SOB_B_A-14-22549G-100-030.png,17,11
SOB_B_A-14-22549G-100-031.png,23,5
SOB_B_A-14-22549G-100-032.png,21,7
SOB_B_A-14-22549G-100-033.png,22,6
SOB_B_A-14-22549G-100-034.png,20,8
SOB_B_A-14-22549G-200-001.png,24,4
SOB_B_A-14-22549G-200-002.png,27,1
SOB_B_A-14-22549G-200-003.png,28,0
SOB_B_A-14-22549G-200-004.png,26,2
SOB_B_A-14-22549G-200-005.png,18,10
SOB_B_A-14-22549G-200-006.png,24,4
SOB_B_A-14-22549G-200-007.png,19,9
SOB_B_A-14-22549G-200-008.png,15,13
SOB_B_A-14-22549G-200-009.png,20,8
SOB_B_A-14-22549G-200-010.png,27,1
SOB_B_A-14-22549G-200-011.png,27,1
SOB_B_A-14-22549G-200-012.png,28,0
SOB_B_A-14-22549G-200-013.png,21,7
SOB_B_A-14-22549G-200-014.png,26,2
SOB_B_A-14-22549G-200-015.png,17,11
SOB_B_A-14-22549G-200-016.png,22,6
SOB_B_A-14-22549G-200-017.png,22,6
SOB_B_A-14-22549G-200-018.png,21,7
SOB_B_A-14-22549G-200-019.png,21,7
SOB_B_A-14-22549G-200-020.png,24,4
SOB_B_A-14-22549G-200-021.png,22,6
SOB_B_A-14-22549G-200-022.png,13,15
SOB_B_A-14-22549G-200-023.png,17,11
SOB_B_A-14-22549G-200-024.png,23,5
SOB_B_A-14-22549G-200-025.png,23,5
SOB_B_A-14-22549G-200-026.png,27,1
SOB_B_A-14-22549G-200-027.png,25,3
SOB_B_A-14-22549G-200-028.png,24,4
SOB_B_A-14-22549G-200-029.png,15,13
SOB_B_A-14-22549G-200-030.png,20,8
SOB_B_A-14-22549G-200-031.png,17,11
SOB_B_A-14-22549G-200-032.png,12,16
SOB_B_A-14-22549G-40-001.png,18,10
SOB_B_A-14-22549G-40-002.png,22,6
SOB_B_A-14-22549G-40-003.png,14,14
SOB_B_A-14-22549G-40-004.png,13,15
SOB_B_A-14-22549G-40-005.png,19,9
SOB_B_A-14-22549G-40-006.png,12,16
SOB_B_A-14-22549G-40-007.png,15,13
SOB_B_A-14-22549G-40-008.png,24,4
SOB_B_A-14-22549G-40-009.png,19,9
SOB_B_A-14-22549G-40-010.png,21,7
SOB_B_A-14-22549G-40-011.png,19,9
SOB_B_A-14-22549G-40-012.png,13,15
SOB_B_A-14-22549G-40-013.png,20,8
SOB_B_A-14-22549G-40-014.png,8,20
SOB_B_A-14-22549G-40-015.png,12,16
SOB_B_A-14-22549G-40-016.png,6,22
SOB_B_A-14-22549G-40-017.png,16,12
SOB_B_A-14-22549G-40-018.png,16,12
SOB_B_A-14-22549G-40-019.png,19,9
SOB_B_A-14-22549G-40-020.png,23,5
SOB_B_A-14-22549G-40-021.png,15,13
SOB_B_A-14-22549G-40-022.png,16,12
SOB_B_A-14-22549G-40-023.png,26,2
SOB_B_A-14-22549G-40-024.png,14,14
SOB_B_A-14-22549G-40-025.png,21,7
SOB_B_A-14-22549G-40-026.png,15,13
SOB_B_A-14-22549G-40-027.png,21,7
SOB_B_A-14-22549G-40-028.png,19,9
SOB_B_A-14-22549G-40-029.png,13,15
SOB_B_A-14-22549G-40-030.png,14,14
SOB_B_A-14-22549G-40-031.png,20,8
SOB_B_A-14-22549G-40-032.png,15,13
SOB_B_A-14-22549G-40-033.png,21,7
SOB_B_A-14-22549G-40-034.png,12,16
SOB_B_A-14-22549G-40-035.png,9,19
SOB_B_A-14-22549G-400-001.png,26,2
SOB_B_A-14-22549G-400-002.png,24,4
SOB_B_A-14-22549G-400-003.png,27,1
SOB_B_A-14-22549G-400-004.png,28,0
SOB_B_A-14-22549G-400-005.png,24,4
SOB_B_A-14-22549G-400-006.png,25,3
SOB_B_A-14-22549G-400-007.png,28,0
SOB_B_A-14-22549G-400-008.png,27,1
SOB_B_A-14-22549G-400-009.png,26,2
SOB_B_A-14-22549G-400-010.png,24,4
SOB_B_A-14-22549G-400-011.png,26,2
SOB_B_A-14-22549G-400-012.png,26,2
SOB_B_A-14-22549G-400-013.png,26,2
SOB_B_A-14-22549G-400-014.png,27,1
SOB_B_A-14-22549G-400-015.png,25,3
SOB_B_A-14-22549G-400-016.png,21,7
SOB_B_A-14-22549G-400-017.png,23,5
SOB_B_A-14-22549G-400-018.png,24,4
SOB_B_A-14-22549G-400-019.png,28,0
SOB_B_A-14-22549G-400-020.png,27,1
SOB_B_A-14-22549G-400-021.png,25,3
SOB_B_A-14-22549G-400-022.png,25,3
SOB_B_A-14-22549G-400-023.png,16,12
SOB_B_A-14-22549G-400-024.png,13,15
SOB_B_A-14-22549G-400-025.png,9,19
SOB_B_A-14-22549G-400-026.png,14,14
SOB_B_A-14-22549G-400-027.png,24,4
SOB_B_A-14-22549G-400-028.png,15,13
SOB_B_A-14-22549G-400-029.png,26,2
SOB_B_A-14-29960CD-100-001.png,26,2
SOB_B_A-14-29960CD-100-002.png,24,4
SOB_B_A-14-29960CD-100-003.png,20,8
SOB_B_A-14-29960CD-100-004.png,17,11
SOB_B_A-14-29960CD-100-005.png,22,6
SOB_B_A-14-29960CD-100-006.png,15,13
SOB_B_A-14-29960CD-100-007.png,24,4
SOB_B_A-14-29960CD-100-008.png,25,3
SOB_B_A-14-29960CD-100-009.png,17,11
SOB_B_A-14-29960CD-100-010.png,25,3
SOB_B_A-14-29960CD-100-011.png,24,4
SOB_B_A-14-29960CD-100-012.png,12,16
SOB_B_A-14-29960CD-100-013.png,17,11
SOB_B_A-14-29960CD-200-001.png,28,0
SOB_B_A-14-29960CD-200-002.png,28,0
SOB_B_A-14-29960CD-200-003.png,28,0
SOB_B_A-14-29960CD-200-004.png,28,0
SOB_B_A-14-29960CD-200-005.png,28,0
SOB_B_A-14-29960CD-200-006.png,28,0
SOB_B_A-14-29960CD-200-007.png,28,0
SOB_B_A-14-29960CD-200-008.png,28,0
SOB_B_A-14-29960CD-200-009.png,28,0
SOB_B_A-14-29960CD-200-010.png,28,0
SOB_B_A-14-29960CD-200-011.png,28,0
SOB_B_A-14-29960CD-200-012.png,28,0
SOB_B_A-14-29960CD-200-013.png,28,0
SOB_B_A-14-29960CD-200-014.png,28,0
SOB_B_A-14-29960CD-200-015.png,28,0
SOB_B_A-14-29960CD-200-016.png,28,0
SOB_B_A-14-29960CD-40-001.png,28,0
SOB_B_A-14-29960CD-40-002.png,27,1
SOB_B_A-14-29960CD-40-003.png,26,2
SOB_B_A-14-29960CD-40-004.png,27,1
SOB_B_A-14-29960CD-40-005.png,26,2
SOB_B_A-14-29960CD-40-006.png,25,3
SOB_B_A-14-29960CD-40-007.png,26,2
SOB_B_A-14-29960CD-40-008.png,25,3
SOB_B_A-14-29960CD-40-009.png,28,0
SOB_B_A-14-29960CD-40-010.png,28,0
SOB_B_A-14-29960CD-40-011.png,19,9
SOB_B_A-14-29960CD-40-012.png,26,2
SOB_B_A-14-29960CD-40-013.png,24,4
SOB_B_A-14-29960CD-40-014.png,22,6
SOB_B_A-14-29960CD-40-015.png,25,3
SOB_B_A-14-29960CD-400-001.png,27,1
SOB_B_A-14-29960CD-400-002.png,25,3
SOB_B_A-14-29960CD-400-003.png,28,0
SOB_B_A-14-29960CD-400-004.png,26,2
SOB_B_A-14-29960CD-400-005.png,28,0
SOB_B_A-14-29960CD-400-006.png,27,1
SOB_B_A-14-29960CD-400-007.png,28,0
SOB_B_A-14-29960CD-400-008.png,28,0
SOB_B_A-14-29960CD-400-009.png,27,1
SOB_B_A-14-29960CD-400-010.png,27,1
SOB_B_A-14-29960CD-400-011.png,28,0
SOB_B_A-14-29960CD-400-012.png,28,0
SOB_B_A-14-29960CD-400-013.png,28,0
SOB_B_A-14-29960CD-400-014.png,28,0
SOB_B_A-14-29960CD-400-015.png,27,1
SOB_B_A-14-29960CD-400-016.png,27,1
SOB_B_A-14-29960CD-400-017.png,28,0
SOB_B_F-14-14134E-100-001.png,20,8
SOB_B_F-14-14134E-100-002.png,23,5
SOB_B_F-14-14134E-100-003.png,23,5
SOB_B_F-14-14134E-100-004.png,28,0
SOB_B_F-14-14134E-100-005.png,28,0
SOB_B_F-14-14134E-100-006.png,27,1
SOB_B_F-14-14134E-100-007.png,28,0
SOB_B_F-14-14134E-100-008.png,26,2
SOB_B_F-14-14134E-100-009.png,26,2
SOB_B_F-14-14134E-100-010.png,26,2
SOB_B_F-14-14134E-100-011.png,26,2
SOB_B_F-14-14134E-100-012.png,28,0
SOB_B_F-14-14134E-100-013.png,28,0
SOB_B_F-14-14134E-100-014.png,27,1
SOB_B_F-14-14134E-100-015.png,27,1
SOB_B_F-14-14134E-100-016.png,26,2
SOB_B_F-14-14134E-100-017.png,27,1
SOB_B_F-14-14134E-100-018.png,22,6
SOB_B_F-14-14134E-100-019.png,17,11
SOB_B_F-14-14134E-100-020.png,27,1
SOB_B_F-14-14134E-100-021.png,11,17
SOB_B_F-14-14134E-100-022.png,28,0
SOB_B_F-14-14134E-100-023.png,28,0
SOB_B_F-14-14134E-100-024.png,28,0
SOB_B_F-14-14134E-100-025.png,28,0
SOB_B_F-14-14134E-100-026.png,27,1
SOB_B_F-14-14134E-100-027.png,27,1
SOB_B_F-14-14134E-100-028.png,27,1
SOB_B_F-14-14134E-100-029.png,28,0
SOB_B_F-14-14134E-100-030.png,27,1
SOB_B_F-14-14134E-100-031.png,28,0
SOB_B_F-14-14134E-100-032.png,28,0
SOB_B_F-14-14134E-200-001.png,28,0
SOB_B_F-14-14134E-200-002.png,28,0
SOB_B_F-14-14134E-200-003.png,28,0
SOB_B_F-14-14134E-200-004.png,28,0
SOB_B_F-14-14134E-200-005.png,27,1
SOB_B_F-14-14134E-200-006.png,28,0
SOB_B_F-14-14134E-200-007.png,28,0
SOB_B_F-14-14134E-200-008.png,28,0
SOB_B_F-14-14134E-200-009.png,28,0
SOB_B_F-14-14134E-200-010.png,24,4
SOB_B_F-14-14134E-200-011.png,28,0
SOB_B_F-14-14134E-200-012.png,28,0
SOB_B_F-14-14134E-200-013.png,27,1
SOB_B_F-14-14134E-200-014.png,25,3
SOB_B_F-14-14134E-200-015.png,28,0
SOB_B_F-14-14134E-200-016.png,28,0
SOB_B_F-14-14134E-200-017.png,28,0
SOB_B_F-14-14134E-200-018.png,28,0
SOB_B_F-14-14134E-200-019.png,27,1
SOB_B_F-14-14134E-200-020.png,28,0
SOB_B_F-14-14134E-200-021.png,28,0
SOB_B_F-14-14134E-40-001.png,28,0
SOB_B_F-14-14134E-40-002.png,27,1
SOB_B_F-14-14134E-40-003.png,27,1
SOB_B_F-14-14134E-40-004.png,26,2
SOB_B_F-14-14134E-40-005.png,26,2
SOB_B_F-14-14134E-40-006.png,26,2
SOB_B_F-14-14134E-40-007.png,27,1
SOB_B_F-14-14134E-40-008.png,21,7
SOB_B_F-14-14134E-40-009.png,26,2
SOB_B_F-14-14134E-40-010.png,24,4
SOB_B_F-14-14134E-40-011.png,27,1
SOB_B_F-14-14134E-40-012.png,26,2
SOB_B_F-14-14134E-40-013.png,25,3
SOB_B_F-14-14134E-40-014.png,27,1
SOB_B_F-14-14134E-40-015.png,23,5
SOB_B_F-14-14134E-40-016.png,28,0
SOB_B_F-14-14134E-40-017.png,28,0
SOB_B_F-14-14134E-40-018.png,24,4
SOB_B_F-14-14134E-40-019.png,24,4
SOB_B_F-14-14134E-40-020.png,20,8
SOB_B_F-14-14134E-40-021.png,25,3
SOB_B_F-14-14134E-40-022.png,28,0
SOB_B_F-14-14134E-40-023.png,28,0
SOB_B_F-14-14134E-40-024.png,28,0
SOB_B_F-14-14134E-40-025.png,27,1
SOB_B_F-14-14134E-40-026.png,26,2
SOB_B_F-14-14134E-40-027.png,24,4
SOB_B_F-14-14134E-40-028.png,19,9
SOB_B_F-14-14134E-40-029.png,20,8
SOB_B_F-14-14134E-400-001.png,23,5
SOB_B_F-14-14134E-400-002.png,26,2
SOB_B_F-14-14134E-400-003.png,28,0
SOB_B_F-14-14134E-400-004.png,28,0
SOB_B_F-14-14134E-400-005.png,28,0
SOB_B_F-14-14134E-400-006.png,28,0
SOB_B_F-14-14134E-400-007.png,28,0
SOB_B_F-14-14134E-400-008.png,27,1
SOB_B_F-14-14134E-400-009.png,26,2
SOB_B_F-14-14134E-400-010.png,24,4
SOB_B_F-14-14134E-400-011.png,22,6
SOB_B_F-14-14134E-400-012.png,27,1
SOB_B_F-14-23060AB-100-001.png,28,0
SOB_B_F-14-23060AB-100-002.png,27,1
SOB_B_F-14-23060AB-100-003.png,27,1
SOB_B_F-14-23060AB-100-004.png,28,0
SOB_B_F-14-23060AB-100-005.png,28,0
SOB_B_F-14-23060AB-100-006.png,23,5
SOB_B_F-14-23060AB-100-007.png,28,0
SOB_B_F-14-23060AB-100-008.png,27,1
SOB_B_F-14-23060AB-100-009.png,20,8
SOB_B_F-14-23060AB-100-010.png,27,1
SOB_B_F-14-23060AB-100-011.png,20,8
SOB_B_F-14-23060AB-100-012.png,15,13
SOB_B_F-14-23060AB-100-013.png,26,2
SOB_B_F-14-23060AB-100-014.png,26,2
SOB_B_F-14-23060AB-100-015.png,26,2
SOB_B_F-14-23060AB-100-016.png,21,7
SOB_B_F-14-23060AB-100-017.png,16,12
SOB_B_F-14-23060AB-100-018.png,17,11
SOB_B_F-14-23060AB-100-019.png,26,2
SOB_B_F-14-23060AB-100-020.png,22,6
SOB_B_F-14-23060AB-100-021.png,15,13
SOB_B_F-14-23060AB-100-022.png,22,6
SOB_B_F-14-23060AB-200-001.png,28,0
SOB_B_F-14-23060AB-200-002.png,25,3
SOB_B_F-14-23060AB-200-003.png,26,2
SOB_B_F-14-23060AB-200-004.png,24,4
SOB_B_F-14-23060AB-200-005.png,26,2
SOB_B_F-14-23060AB-200-006.png,24,4
SOB_B_F-14-23060AB-200-007.png,26,2
SOB_B_F-14-23060AB-200-008.png,27,1
SOB_B_F-14-23060AB-200-009.png,27,1
SOB_B_F-14-23060AB-200-010.png,26,2
SOB_B_F-14-23060AB-200-011.png,25,3
SOB_B_F-14-23060AB-200-012.png,27,1
SOB_B_F-14-23060AB-200-013.png,26,2
SOB_B_F-14-23060AB-200-014.png,28,0
SOB_B_F-14-23060AB-200-015.png,26,2
SOB_B_F-14-23060AB-200-016.png,28,0
SOB_B_F-14-23060AB-200-017.png,28,0
SOB_B_F-14-23060AB-200-018.png,28,0
SOB_B_F-14-23060AB-40-001.png,28,0
SOB_B_F-14-23060AB-40-002.png,28,0
SOB_B_F-14-23060AB-40-003.png,28,0
SOB_B_F-14-23060AB-40-004.png,28,0
SOB_B_F-14-23060AB-40-005.png,28,0
SOB_B_F-14-23060AB-40-006.png,28,0
SOB_B_F-14-23060AB-40-007.png,28,0
SOB_B_F-14-23060AB-40-008.png,28,0
SOB_B_F-14-23060AB-40-009.png,28,0
SOB_B_F-14-23060AB-40-010.png,28,0
SOB_B_F-14-23060AB-40-011.png,28,0
SOB_B_F-14-23060AB-40-012.png,28,0
SOB_B_F-14-23060AB-40-013.png,28,0
SOB_B_F-14-23060AB-40-014.png,28,0
SOB_B_F-14-23060AB-40-015.png,28,0
SOB_B_F-14-23060AB-40-016.png,28,0
SOB_B_F-14-23060AB-40-017.png,27,1
SOB_B_F-14-23060AB-40-018.png,27,1
SOB_B_F-14-23060AB-40-019.png,27,1
SOB_B_F-14-23060AB-40-020.png,27,1
SOB_B_F-14-23060AB-40-021.png,27,1
SOB_B_F-14-23060AB-40-022.png,27,1
SOB_B_F-14-23060AB-40-023.png,26,2
SOB_B_F-14-23060AB-400-001.png,23,5
SOB_B_F-14-23060AB-400-002.png,24,4
SOB_B_F-14-23060AB-400-003.png,26,2
SOB_B_F-14-23060AB-400-004.png,21,7
SOB_B_F-14-23060AB-400-005.png,24,4
SOB_B_F-14-23060AB-400-006.png,24,4
SOB_B_F-14-23060AB-400-007.png,18,10
SOB_B_F-14-23060AB-400-008.png,25,3
SOB_B_F-14-23060AB-400-009.png,23,5
SOB_B_F-14-23060AB-400-010.png,24,4
SOB_B_F-14-23060AB-400-011.png,25,3
SOB_B_F-14-23060AB-400-012.png,18,10
SOB_B_F-14-23060AB-400-013.png,18,10
SOB_B_F-14-23060AB-400-014.png,21,7
SOB_B_F-14-23060AB-400-015.png,20,8
SOB_B_F-14-23060AB-400-016.png,18,10
SOB_B_F-14-23060AB-400-017.png,20,8
SOB_B_F-14-23060AB-400-018.png,13,15
SOB_B_F-14-23060CD-100-001.png,19,9
SOB_B_F-14-23060CD-100-002.png,20,8
SOB_B_F-14-23060CD-100-003.png,25,3
SOB_B_F-14-23060CD-100-004.png,24,4
SOB_B_F-14-23060CD-100-005.png,19,9
SOB_B_F-14-23060CD-100-006.png,22,6
SOB_B_F-14-23060CD-100-007.png,24,4
SOB_B_F-14-23060CD-100-008.png,26,2
SOB_B_F-14-23060CD-100-009.png,18,10
SOB_B_F-14-23060CD-100-010.png,22,6
SOB_B_F-14-23060CD-100-011.png,19,9
SOB_B_F-14-23060CD-200-001.png,27,1
SOB_B_F-14-23060CD-200-002.png,28,0
SOB_B_F-14-23060CD-200-003.png,28,0
SOB_B_F-14-23060CD-200-004.png,27,1
SOB_B_F-14-23060CD-200-005.png,28,0
SOB_B_F-14-23060CD-200-006.png,26,2
SOB_B_F-14-23060CD-200-007.png,27,1
SOB_B_F-14-23060CD-200-008.png,27,1
SOB_B_F-14-23060CD-200-009.png,28,0
SOB_B_F-14-23060CD-200-010.png,28,0
SOB_B_F-14-23060CD-200-011.png,27,1
SOB_B_F-14-23060CD-200-012.png,28,0
SOB_B_F-14-23060CD-200-013.png,28,0
SOB_B_F-14-23060CD-200-014.png,28,0
SOB_B_F-14-23060CD-200-015.png,28,0
SOB_B_F-14-23060CD-200-016.png,28,0
SOB_B_F-14-23060CD-40-001.png,24,4
SOB_B_F-14-23060CD-40-002.png,27,1
SOB_B_F-14-23060CD-40-003.png,27,1
SOB_B_F-14-23060CD-40-004.png,23,5
SOB_B_F-14-23060CD-40-005.png,23,5
SOB_B_F-14-23060CD-40-006.png,27,1
SOB_B_F-14-23060CD-40-007.png,22,6
SOB_B_F-14-23060CD-40-008.png,26,2
SOB_B_F-14-23060CD-40-009.png,24,4
SOB_B_F-14-23060CD-40-010.png,23,5
SOB_B_F-14-23060CD-40-011.png,23,5
SOB_B_F-14-23060CD-40-012.png,27,1
SOB_B_F-14-23060CD-40-013.png,27,1
SOB_B_F-14-23060CD-40-014.png,27,1
SOB_B_F-14-23060CD-400-001.png,25,3
SOB_B_F-14-23060CD-400-002.png,24,4
SOB_B_F-14-23060CD-400-003.png,26,2
SOB_B_F-14-23060CD-400-004.png,27,1
SOB_B_F-14-23060CD-400-005.png,18,10
SOB_B_F-14-23060CD-400-006.png,21,7
SOB_B_F-14-23060CD-400-007.png,28,0
SOB_B_F-14-23060CD-400-008.png,26,2
SOB_B_F-14-23060CD-400-009.png,27,1
SOB_B_F-14-23060CD-400-010.png,22,6
SOB_B_F-14-23060CD-400-011.png,24,4
SOB_B_F-14-23060CD-400-012.png,19,9
SOB_B_F-14-23060CD-400-013.png,22,6
SOB_B_F-14-23060CD-400-014.png,24,4
SOB_B_F-14-23060CD-400-015.png,27,1
SOB_B_F-14-23060CD-400-016.png,28,0
SOB_B_PT-14-29315EF-100-001.png,26,2
SOB_B_PT-14-29315EF-100-002.png,25,3
SOB_B_PT-14-29315EF-100-003.png,27,1
SOB_B_PT-14-29315EF-100-004.png,26,2
SOB_B_PT-14-29315EF-100-005.png,26,2
SOB_B_PT-14-29315EF-100-006.png,26,2
SOB_B_PT-14-29315EF-100-007.png,27,1
SOB_B_PT-14-29315EF-100-008.png,27,1
SOB_B_PT-14-29315EF-100-009.png,25,3
SOB_B_PT-14-29315EF-100-010.png,23,5
SOB_B_PT-14-29315EF-100-011.png,26,2
SOB_B_PT-14-29315EF-100-012.png,25,3
SOB_B_PT-14-29315EF-100-013.png,18,10
SOB_B_PT-14-29315EF-100-014.png,25,3
SOB_B_PT-14-29315EF-100-015.png,25,3
SOB_B_PT-14-29315EF-100-016.png,19,9
SOB_B_PT-14-29315EF-200-001.png,27,1
SOB_B_PT-14-29315EF-200-002.png,19,9
SOB_B_PT-14-29315EF-200-003.png,21,7
SOB_B_PT-14-29315EF-200-004.png,25,3
SOB_B_PT-14-29315EF-200-005.png,26,2
SOB_B_PT-14-29315EF-200-006.png,22,6
SOB_B_PT-14-29315EF-200-007.png,26,2
SOB_B_PT-14-29315EF-200-008.png,25,3
SOB_B_PT-14-29315EF-200-009.png,25,3
SOB_B_PT-14-29315EF-200-010.png,23,5
SOB_B_PT-14-29315EF-200-011.png,14,14
SOB_B_PT-14-29315EF-200-012.png,27,1
SOB_B_PT-14-29315EF-200-013.png,22,6
SOB_B_PT-14-29315EF-200-014.png,17,11
SOB_B_PT-14-29315EF-40-001.png,23,5
SOB_B_PT-14-29315EF-40-002.png,24,4
SOB_B_PT-14-29315EF-40-003.png,16,12
SOB_B_PT-14-29315EF-40-004.png,22,6
SOB_B_PT-14-29315EF-40-005.png,22,6
SOB_B_PT-14-29315EF-40-006.png,21,7
SOB_B_PT-14-29315EF-40-007.png,20,8
SOB_B_PT-14-29315EF-40-008.png,26,2
SOB_B_PT-14-29315EF-40-009.png,28,0
SOB_B_PT-14-29315EF-40-010.png,20,8
SOB_B_PT-14-29315EF-40-011.png,25,3
SOB_B_PT-14-29315EF-40-012.png,25,3
SOB_B_PT-14-29315EF-40-013.png,18,10
SOB_B_PT-14-29315EF-400-001.png,17,11
SOB_B_PT-14-29315EF-400-002.png,22,6
SOB_B_PT-14-29315EF-400-003.png,24,4
SOB_B_PT-14-29315EF-400-004.png,9,19
SOB_B_PT-14-29315EF-400-005.png,15,13
SOB_B_PT-14-29315EF-400-006.png,24,4
SOB_B_PT-14-29315EF-400-007.png,28,0
SOB_B_PT-14-29315EF-400-008.png,21,7
SOB_B_PT-14-29315EF-400-009.png,24,4
SOB_B_PT-14-29315EF-400-010.png,21,7
SOB_B_PT-14-29315EF-400-011.png,19,9
SOB_B_PT-14-29315EF-400-012.png,25,3
SOB_B_PT-14-29315EF-400-013.png,18,10
SOB_B_PT-14-29315EF-400-014.png,12,16
SOB_B_PT-14-29315EF-400-015.png,14,14
SOB_B_PT-14-29315EF-400-016.png,22,6
SOB_B_PT-14-29315EF-400-017.png,20,8
SOB_B_TA-14-15275-100-001.png,28,0
SOB_B_TA-14-15275-100-002.png,28,0
SOB_B_TA-14-15275-100-003.png,28,0
SOB_B_TA-14-15275-100-004.png,28,0
SOB_B_TA-14-15275-100-005.png,28,0
SOB_B_TA-14-15275-100-006.png,28,0
SOB_B_TA-14-15275-100-007.png,27,1
SOB_B_TA-14-15275-100-008.png,28,0
SOB_B_TA-14-15275-100-009.png,28,0
SOB_B_TA-14-15275-100-010.png,28,0
SOB_B_TA-14-15275-100-011.png,28,0
SOB_B_TA-14-15275-100-012.png,28,0
SOB_B_TA-14-15275-100-013.png,28,0
SOB_B_TA-14-15275-100-014.png,28,0
SOB_B_TA-14-15275-200-001.png,26,2
SOB_B_TA-14-15275-200-002.png,27,1
SOB_B_TA-14-15275-200-003.png,26,2
SOB_B_TA-14-15275-200-004.png,24,4
SOB_B_TA-14-15275-200-005.png,27,1
SOB_B_TA-14-15275-200-006.png,24,4
SOB_B_TA-14-15275-200-007.png,27,1
SOB_B_TA-14-15275-200-008.png,28,0
SOB_B_TA-14-15275-200-009.png,28,0
SOB_B_TA-14-15275-200-010.png,27,1
SOB_B_TA-14-15275-200-011.png,27,1
SOB_B_TA-14-15275-200-012.png,28,0
SOB_B_TA-14-15275-40-001.png,28,0
SOB_B_TA-14-15275-40-002.png,28,0
SOB_B_TA-14-15275-40-003.png,28,0
SOB_B_TA-14-15275-40-004.png,27,1
SOB_B_TA-14-15275-40-005.png,28,0
SOB_B_TA-14-15275-40-006.png,28,0
SOB_B_TA-14-15275-40-007.png,26,2
SOB_B_TA-14-15275-40-008.png,28,0
SOB_B_TA-14-15275-40-009.png,28,0
SOB_B_TA-14-15275-40-010.png,28,0
SOB_B_TA-14-15275-40-011.png,27,1
SOB_B_TA-14-15275-40-012.png,28,0
SOB_B_TA-14-15275-400-001.png,21,7
SOB_B_TA-14-15275-400-002.png,26,2
SOB_B_TA-14-15275-400-003.png,25,3
SOB_B_TA-14-15275-400-004.png,23,5
SOB_B_TA-14-15275-400-005.png,22,6
SOB_B_TA-14-15275-400-006.png,27,1
SOB_B_TA-14-15275-400-007.png,16,12
SOB_B_TA-14-15275-400-008.png,13,15
SOB_B_TA-14-15275-400-009.png,22,6
SOB_B_TA-14-15275-400-010.png,22,6
SOB_B_TA-14-15275-400-011.png,19,9
SOB_B_TA-14-15275-400-012.png,17,11
SOB_B_TA-14-15275-400-013.png,20,8
SOB_B_TA-14-15275-400-014.png,26,2
SOB_B_TA-14-15275-400-015.png,28,0
SOB_B_TA-14-16184CD-100-001.png,12,16
SOB_B_TA-14-16184CD-100-002.png,8,20
SOB_B_TA-14-16184CD-100-003.png,1,27
SOB_B_TA-14-16184CD-100-004.png,9,19
SOB_B_TA-14-16184CD-100-005.png,7,21
SOB_B_TA-14-16184CD-100-006.png,23,5
SOB_B_TA-14-16184CD-100-007.png,17,11
SOB_B_TA-14-16184CD-100-008.png,15,13
SOB_B_TA-14-16184CD-100-009.png,12,16
SOB_B_TA-14-16184CD-100-010.png,12,16
SOB_B_TA-14-16184CD-100-011.png,13,15
SOB_B_TA-14-16184CD-100-012.png,11,17
SOB_B_TA-14-16184CD-100-013.png,13,15
SOB_B_TA-14-16184CD-100-014.png,10,18
SOB_B_TA-14-16184CD-100-015.png,14,14
SOB_B_TA-14-16184CD-100-016.png,10,18
SOB_B_TA-14-16184CD-100-017.png,8,20
SOB_B_TA-14-16184CD-100-018.png,6,22
SOB_B_TA-14-16184CD-100-019.png,10,18
SOB_B_TA-14-16184CD-100-020.png,17,11
SOB_B_TA-14-16184CD-100-021.png,6,22
SOB_B_TA-14-16184CD-100-022.png,4,24
SOB_B_TA-14-16184CD-100-023.png,2,26
SOB_B_TA-14-16184CD-100-024.png,8,20
SOB_B_TA-14-16184CD-100-025.png,5,23
SOB_B_TA-14-16184CD-100-026.png,16,12
SOB_B_TA-14-16184CD-100-027.png,17,11
SOB_B_TA-14-16184CD-100-028.png,14,14
SOB_B_TA-14-16184CD-100-029.png,21,7
SOB_B_TA-14-16184CD-100-030.png,4,24
SOB_B_TA-14-16184CD-100-031.png,19,9
SOB_B_TA-14-16184CD-100-032.png,7,21
SOB_B_TA-14-16184CD-100-033.png,8,20
SOB_B_TA-14-16184CD-100-034.png,11,17
SOB_B_TA-14-16184CD-100-035.png,2,26
SOB_B_TA-14-16184CD-100-036.png,10,18
SOB_B_TA-14-16184CD-100-037.png,14,14
SOB_B_TA-14-16184CD-200-001.png,12,16
SOB_B_TA-14-16184CD-200-002.png,21,7
SOB_B_TA-14-16184CD-200-003.png,20,8
SOB_B_TA-14-16184CD-200-004.png,16,12
SOB_B_TA-14-16184CD-200-005.png,11,17
SOB_B_TA-14-16184CD-200-006.png,15,13
SOB_B_TA-14-16184CD-200-007.png,11,17
SOB_B_TA-14-16184CD-200-008.png,3,25
SOB_B_TA-14-16184CD-200-009.png,7,21
SOB_B_TA-14-16184CD-200-010.png,17,11
SOB_B_TA-14-16184CD-200-011.png,22,6
SOB_B_TA-14-16184CD-200-012.png,24,4
SOB_B_TA-14-16184CD-200-013.png,14,14
SOB_B_TA-14-16184CD-200-014.png,12,16
SOB_B_TA-14-16184CD-200-015.png,14,14
SOB_B_TA-14-16184CD-200-016.png,13,15
SOB_B_TA-14-16184CD-200-017.png,22,6
SOB_B_TA-14-16184CD-200-018.png,21,7
SOB_B_TA-14-16184CD-200-019.png,16,12
SOB_B_TA-14-16184CD-200-020.png,14,14
SOB_B_TA-14-16184CD-200-021.png,21,7
SOB_B_TA-14-16184CD-200-022.png,12,16
SOB_B_TA-14-16184CD-200-023.png,17,11
SOB_B_TA-14-16184CD-40-001.png,0,28
SOB_B_TA-14-16184CD-40-002.png,1,27
SOB_B_TA-14-16184CD-40-003.png,1,27
SOB_B_TA-14-16184CD-40-004.png,0,28
SOB_B_TA-14-16184CD-40-005.png,3,25
SOB_B_TA-14-16184CD-40-006.png,3,25
SOB_B_TA-14-16184CD-40-007.png,4,24
SOB_B_TA-14-16184CD-40-008.png,0,28
SOB_B_TA-14-16184CD-40-009.png,0,28
SOB_B_TA-14-16184CD-40-010.png,2,26
SOB_B_TA-14-16184CD-40-011.png,2,26
SOB_B_TA-14-16184CD-40-012.png,1,27
SOB_B_TA-14-16184CD-40-013.png,1,27
SOB_B_TA-14-16184CD-40-014.png,1,27
SOB_B_TA-14-16184CD-40-015.png,3,25
SOB_B_TA-14-16184CD-40-016.png,1,27
SOB_B_TA-14-16184CD-40-017.png,3,25
SOB_B_TA-14-16184CD-40-018.png,0,28
SOB_B_TA-14-16184CD-40-019.png,0,28
SOB_B_TA-14-16184CD-40-020.png,0,28
SOB_B_TA-14-16184CD-40-021.png,4,24
SOB_B_TA-14-16184CD-40-022.png,4,24
SOB_B_TA-14-16184CD-40-023.png,1,27
SOB_B_TA-14-16184CD-40-024.png,2,26
SOB_B_TA-14-16184CD-40-025.png,1,27
SOB_B_TA-14-16184CD-40-026.png,1,27
SOB_B_TA-14-16184CD-40-027.png,0,28
SOB_B_TA-14-16184CD-40-028.png,0,28
SOB_B_TA-14-16184CD-40-029.png,3,25
SOB_B_TA-14-16184CD-40-030.png,5,23
SOB_B_TA-14-16184CD-40-031.png,7,21
SOB_B_TA-14-16184CD-40-032.png,4,24
SOB_B_TA-14-16184CD-40-033.png,2,26
SOB_B_TA-14-16184CD-40-034.png,0,28
SOB_B_TA-14-16184CD-40-035.png,3,25
SOB_B_TA-14-16184CD-400-001.png,15,13
SOB_B_TA-14-16184CD-400-002.png,5,23
SOB_B_TA-14-16184CD-400-003.png,13,15
SOB_B_TA-14-16184CD-400-004.png,5,23
SOB_B_TA-14-16184CD-400-005.png,2,26
SOB_B_TA-14-16184CD-400-006.png,5,23
SOB_B_TA-14-16184CD-400-007.png,3,25
SOB_B_TA-14-16184CD-400-008.png,19,9
SOB_B_TA-14-16184CD-400-009.png,17,11
SOB_B_TA-14-16184CD-400-010.png,0,28
SOB_B_TA-14-16184CD-400-011.png,5,23
SOB_B_TA-14-16184CD-400-012.png,17,11
SOB_B_TA-14-16184CD-400-013.png,12,16
SOB_B_TA-14-16184CD-400-014.png,5,23
SOB_B_TA-14-16184CD-400-015.png,8,20
SOB_B_TA-14-16184CD-400-016.png,8,20
SOB_B_TA-14-16184CD-400-017.png,9,19
SOB_B_TA-14-16184CD-400-018.png,14,14
SOB_B_TA-14-16184CD-400-019.png,15,13
SOB_B_TA-14-16184CD-400-020.png,3,25
SOB_B_TA-14-16184CD-400-021.png,7,21
SOB_B_TA-14-16184CD-400-022.png,21,7
SOB_B_TA-14-16184CD-400-023.png,9,19
SOB_B_TA-14-16184CD-400-024.png,10,18
SOB_B_TA-14-16184CD-400-025.png,8,20
SOB_B_TA-14-16184CD-400-026.png,5,23
SOB_B_TA-14-16184CD-400-027.png,0,28
SOB_B_TA-14-16184CD-400-028.png,12,16
SOB_B_TA-14-16184CD-400-029.png,11,17
SOB_B_TA-14-19854C-100-001.png,24,4
SOB_B_TA-14-19854C-100-002.png,15,13
SOB_B_TA-14-19854C-100-003.png,19,9
SOB_B_TA-14-19854C-100-004.png,18,10
SOB_B_TA-14-19854C-100-005.png,26,2
SOB_B_TA-14-19854C-100-006.png,24,4
SOB_B_TA-14-19854C-100-007.png,21,7
SOB_B_TA-14-19854C-100-008.png,25,3
SOB_B_TA-14-19854C-100-009.png,26,2
SOB_B_TA-14-19854C-100-010.png,28,0
SOB_B_TA-14-19854C-100-011.png,28,0
SOB_B_TA-14-19854C-100-012.png,23,5
SOB_B_TA-14-19854C-100-013.png,19,9
SOB_B_TA-14-19854C-100-014.png,17,11
SOB_B_TA-14-19854C-100-015.png,25,3
SOB_B_TA-14-19854C-100-016.png,27,1
SOB_B_TA-14-19854C-200-001.png,26,2
SOB_B_TA-14-19854C-200-002.png,24,4
SOB_B_TA-14-19854C-200-003.png,28,0
SOB_B_TA-14-19854C-200-004.png,26,2
SOB_B_TA-14-19854C-200-005.png,27,1
SOB_B_TA-14-19854C-200-006.png,25,3
SOB_B_TA-14-19854C-200-007.png,26,2
SOB_B_TA-14-19854C-200-008.png,27,1
SOB_B_TA-14-19854C-200-009.png,24,4
SOB_B_TA-14-19854C-200-010.png,28,0
SOB_B_TA-14-19854C-200-011.png,25,3
SOB_B_TA-14-19854C-200-012.png,27,1
SOB_B_TA-14-19854C-200-013.png,22,6
SOB_B_TA-14-19854C-200-014.png,26,2
SOB_B_TA-14-19854C-200-015.png,22,6
SOB_B_TA-14-19854C-200-016.png,24,4
SOB_B_TA-14-19854C-40-001.png,21,7
SOB_B_TA-14-19854C-40-002.png,24,4
SOB_B_TA-14-19854C-40-003.png,20,8
SOB_B_TA-14-19854C-40-004.png,23,5
SOB_B_TA-14-19854C-40-005.png,20,8
SOB_B_TA-14-19854C-40-006.png,13,15
SOB_B_TA-14-19854C-40-007.png,17,11
SOB_B_TA-14-19854C-40-008.png,23,5
SOB_B_TA-14-19854C-40-009.png,15,13
SOB_B_TA-14-19854C-40-010.png,19,9
SOB_B_TA-14-19854C-40-011.png,20,8
SOB_B_TA-14-19854C-40-012.png,13,15
SOB_B_TA-14-19854C-40-013.png,10,18
SOB_B_TA-14-19854C-40-014.png,20,8
SOB_B_TA-14-19854C-40-015.png,20,8
SOB_B_TA-14-19854C-40-016.png,17,11
SOB_B_TA-14-19854C-400-001.png,28,0
SOB_B_TA-14-19854C-400-002.png,28,0
SOB_B_TA-14-19854C-400-003.png,28,0
SOB_B_TA-14-19854C-400-004.png,27,1
SOB_B_TA-14-19854C-400-005.png,28,0
SOB_B_TA-14-19854C-400-006.png,28,0
SOB_B_TA-14-19854C-400-007.png,27,1
SOB_B_TA-14-19854C-400-008.png,26,2
SOB_B_TA-14-19854C-400-009.png,26,2
SOB_B_TA-14-19854C-400-010.png,26,2
SOB_B_TA-14-19854C-400-011.png,27,1
SOB_B_TA-14-19854C-400-012.png,27,1
SOB_B_TA-14-19854C-400-013.png,27,1
SOB_B_TA-14-19854C-400-014.png,28,0
SOB_B_TA-14-19854C-400-015.png,27,1
SOB_B_TA-14-19854C-400-016.png,27,1
SOB_M_DC-14-10926-100-001.png,14,14
SOB_M_DC-14-10926-100-002.png,9,19
SOB_M_DC-14-10926-100-003.png,8,20
SOB_M_DC-14-10926-100-004.png,6,22
SOB_M_DC-14-10926-100-005.png,3,25
SOB_M_DC-14-10926-100-006.png,19,9
SOB_M_DC-14-10926-100-007.png,11,17
SOB_M_DC-14-10926-100-008.png,9,19
SOB_M_DC-14-10926-100-009.png,11,17
SOB_M_DC-14-10926-100-010.png,4,24
SOB_M_DC-14-10926-200-001.png,4,24
SOB_M_DC-14-10926-200-002.png,3,25
SOB_M_DC-14-10926-200-003.png,10,18
SOB_M_DC-14-10926-200-004.png,11,17
SOB_M_DC-14-10926-200-005.png,2,26
SOB_M_DC-14-10926-200-006.png,4,24
SOB_M_DC-14-10926-200-007.png,2,26
SOB_M_DC-14-10926-200-008.png,18,10
SOB_M_DC-14-10926-200-009.png,4,24
SOB_M_DC-14-10926-40-001.png,11,17
SOB_M_DC-14-10926-40-002.png,21,7
SOB_M_DC-14-10926-40-003.png,16,12
SOB_M_DC-14-10926-40-004.png,17,11
SOB_M_DC-14-10926-40-005.png,18,10
SOB_M_DC-14-10926-40-006.png,8,20
SOB_M_DC-14-10926-40-007.png,3,25
SOB_M_DC-14-10926-40-008.png,21,7
SOB_M_DC-14-10926-40-009.png,16,12
SOB_M_DC-14-10926-40-010.png,5,23
SOB_M_DC-14-10926-40-011.png,7,21
SOB_M_DC-14-10926-400-001.png,9,19
SOB_M_DC-14-10926-400-002.png,2,26
SOB_M_DC-14-10926-400-003.png,4,24
SOB_M_DC-14-10926-400-004.png,0,28
SOB_M_DC-14-10926-400-005.png,1,27
SOB_M_DC-14-10926-400-006.png,7,21
SOB_M_DC-14-10926-400-007.png,0,28
SOB_M_DC-14-10926-400-008.png,0,28
SOB_M_DC-14-10926-400-009.png,1,27
SOB_M_DC-14-14946-100-001.png,0,28
SOB_M_DC-14-14946-100-002.png,0,28
SOB_M_DC-14-14946-100-003.png,0,28
SOB_M_DC-14-14946-100-004.png,0,28
SOB_M_DC-14-14946-100-005.png,0,28
SOB_M_DC-14-14946-100-006.png,0,28
SOB_M_DC-14-14946-100-007.png,0,28
SOB_M_DC-14-14946-100-008.png,0,28
SOB_M_DC-14-14946-100-009.png,0,28
SOB_M_DC-14-14946-100-010.png,0,28
SOB_M_DC-14-14946-100-011.png,0,28
SOB_M_DC-14-14946-100-012.png,0,28
SOB_M_DC-14-14946-100-013.png,0,28
SOB_M_DC-14-14946-100-014.png,0,28
SOB_M_DC-14-14946-100-015.png,0,28
SOB_M_DC-14-14946-100-016.png,0,28
SOB_M_DC-14-14946-100-017.png,0,28
SOB_M_DC-14-14946-100-018.png,0,28
SOB_M_DC-14-14946-100-019.png,0,28
SOB_M_DC-14-14946-100-020.png,0,28
SOB_M_DC-14-14946-100-021.png,0,28
SOB_M_DC-14-14946-100-022.png,0,28
SOB_M_DC-14-14946-100-023.png,0,28
SOB_M_DC-14-14946-100-024.png,0,28
SOB_M_DC-14-14946-100-025.png,0,28
SOB_M_DC-14-14946-100-026.png,0,28
SOB_M_DC-14-14946-100-027.png,0,28
SOB_M_DC-14-14946-100-028.png,0,28
SOB_M_DC-14-14946-100-029.png,0,28
SOB_M_DC-14-14946-100-030.png,0,28
SOB_M_DC-14-14946-100-031.png,0,28
SOB_M_DC-14-14946-100-032.png,0,28
SOB_M_DC-14-14946-200-001.png,0,28
SOB_M_DC-14-14946-200-002.png,0,28
SOB_M_DC-14-14946-200-003.png,2,26
SOB_M_DC-14-14946-200-004.png,0,28
SOB_M_DC-14-14946-200-005.png,1,27
SOB_M_DC-14-14946-200-006.png,0,28
SOB_M_DC-14-14946-200-007.png,0,28
SOB_M_DC-14-14946-200-008.png,0,28
SOB_M_DC-14-14946-200-009.png,0,28
SOB_M_DC-14-14946-200-010.png,0,28
SOB_M_DC-14-14946-200-011.png,0,28
SOB_M_DC-14-14946-200-012.png,0,28
SOB_M_DC-14-14946-200-013.png,0,28
SOB_M_DC-14-14946-200-014.png,2,26
SOB_M_DC-14-14946-200-015.png,1,27
SOB_M_DC-14-14946-200-016.png,0,28
SOB_M_DC-14-14946-200-017.png,0,28
SOB_M_DC-14-14946-200-018.png,0,28
SOB_M_DC-14-14946-200-019.png,2,26
SOB_M_DC-14-14946-200-020.png,1,27
SOB_M_DC-14-14946-200-021.png,0,28
SOB_M_DC-14-14946-200-022.png,0,28
SOB_M_DC-14-14946-200-023.png,0,28
SOB_M_DC-14-14946-200-024.png,1,27
SOB_M_DC-14-14946-200-025.png,0,28
SOB_M_DC-14-14946-200-026.png,0,28
SOB_M_DC-14-14946-200-027.png,0,28
SOB_M_DC-14-14946-200-028.png,0,28
SOB_M_DC-14-14946-200-029.png,0,28
SOB_M_DC-14-14946-200-030.png,0,28
SOB_M_DC-14-14946-200-031.png,0,28
SOB_M_DC-14-14946-200-032.png,0,28
SOB_M_DC-14-14946-200-033.png,0,28
SOB_M_DC-14-14946-200-034.png,0,28
SOB_M_DC-14-14946-40-001.png,0,28
SOB_M_DC-14-14946-40-002.png,0,28
SOB_M_DC-14-14946-40-003.png,0,28
SOB_M_DC-14-14946-40-004.png,0,28
SOB_M_DC-14-14946-40-005.png,0,28
SOB_M_DC-14-14946-40-006.png,0,28
SOB_M_DC-14-14946-40-007.png,0,28
SOB_M_DC-14-14946-40-008.png,0,28
SOB_M_DC-14-14946-40-009.png,0,28
SOB_M_DC-14-14946-40-010.png,1,27
SOB_M_DC-14-14946-40-011.png,1,27
SOB_M_DC-14-14946-40-012.png,0,28
SOB_M_DC-14-14946-40-013.png,0,28
SOB_M_DC-14-14946-40-014.png,0,28
SOB_M_DC-14-14946-40-015.png,0,28
SOB_M_DC-14-14946-40-016.png,0,28
SOB_M_DC-14-14946-40-017.png,1,27
SOB_M_DC-14-14946-40-018.png,0,28
SOB_M_DC-14-14946-40-019.png,0,28
SOB_M_DC-14-14946-40-020.png,0,28
SOB_M_DC-14-14946-40-021.png,0,28
SOB_M_DC-14-14946-40-022.png,0,28
SOB_M_DC-14-14946-40-023.png,0,28
SOB_M_DC-14-14946-40-024.png,0,28
SOB_M_DC-14-14946-40-025.png,0,28
SOB_M_DC-14-14946-40-026.png,0,28
SOB_M_DC-14-14946-40-027.png,0,28
SOB_M_DC-14-14946-40-028.png,0,28
SOB_M_DC-14-14946-40-029.png,0,28
SOB_M_DC-14-14946-40-030.png,0,28
SOB_M_DC-14-14946-40-031.png,0,28
SOB_M_DC-14-14946-400-001.png,0,28
SOB_M_DC-14-14946-400-002.png,2,26
SOB_M_DC-14-14946-400-003.png,0,28
SOB_M_DC-14-14946-400-004.png,2,26
SOB_M_DC-14-14946-400-005.png,0,28
SOB_M_DC-14-14946-400-006.png,0,28
SOB_M_DC-14-14946-400-007.png,0,28
SOB_M_DC-14-14946-400-008.png,0,28
SOB_M_DC-14-14946-400-009.png,0,28
SOB_M_DC-14-14946-400-010.png,0,28
SOB_M_DC-14-14946-400-011.png,0,28
SOB_M_DC-14-14946-400-012.png,0,28
SOB_M_DC-14-14946-400-013.png,0,28
SOB_M_DC-14-14946-400-014.png,0,28
SOB_M_DC-14-14946-400-015.png,0,28
SOB_M_DC-14-14946-400-016.png,0,28
SOB_M_DC-14-14946-400-017.png,0,28
SOB_M_DC-14-14946-400-018.png,0,28
SOB_M_DC-14-14946-400-019.png,0,28
SOB_M_DC-14-14946-400-020.png,0,28
SOB_M_DC-14-14946-400-021.png,4,24
SOB_M_DC-14-14946-400-022.png,0,28
SOB_M_DC-14-14946-400-023.png,0,28
SOB_M_DC-14-14946-400-024.png,0,28
SOB_M_DC-14-14946-400-025.png,0,28
SOB_M_DC-14-14946-400-026.png,0,28
SOB_M_DC-14-14946-400-027.png,0,28
SOB_M_DC-14-14946-400-028.png,3,25
SOB_M_DC-14-14946-400-029.png,0,28
SOB_M_DC-14-14946-400-030.png,1,27
SOB_M_DC-14-14946-400-031.png,1,27
SOB_M_DC-14-14946-400-032.png,0,28
SOB_M_DC-14-14946-400-033.png,0,28
SOB_M_DC-14-14946-400-034.png,0,28
SOB_M_DC-14-15792-100-001.png,1,27
SOB_M_DC-14-15792-100-002.png,0,28
SOB_M_DC-14-15792-100-003.png,0,28
SOB_M_DC-14-15792-100-004.png,0,28
SOB_M_DC-14-15792-100-005.png,2,26
SOB_M_DC-14-15792-100-006.png,2,26
SOB_M_DC-14-15792-100-007.png,0,28
SOB_M_DC-14-15792-100-008.png,1,27
SOB_M_DC-14-15792-100-009.png,0,28
SOB_M_DC-14-15792-100-010.png,0,28
SOB_M_DC-14-15792-100-011.png,1,27
SOB_M_DC-14-15792-100-012.png,0,28
SOB_M_DC-14-15792-100-013.png,1,27
SOB_M_DC-14-15792-100-014.png,0,28
SOB_M_DC-14-15792-200-001.png,3,25
SOB_M_DC-14-15792-200-002.png,3,25
SOB_M_DC-14-15792-200-003.png,12,16
SOB_M_DC-14-15792-200-004.png,2,26
SOB_M_DC-14-15792-200-005.png,0,28
SOB_M_DC-14-15792-200-006.png,2,26
SOB_M_DC-14-15792-200-007.png,7,21
SOB_M_DC-14-15792-200-008.png,5,23
SOB_M_DC-14-15792-200-009.png,1,27
SOB_M_DC-14-15792-200-010.png,4,24
SOB_M_DC-14-15792-200-011.png,5,23
SOB_M_DC-14-15792-200-012.png,4,24
SOB_M_DC-14-15792-40-001.png,0,28
SOB_M_DC-14-15792-40-002.png,0,28
SOB_M_DC-14-15792-40-003.png,0,28
SOB_M_DC-14-15792-40-004.png,0,28
SOB_M_DC-14-15792-40-005.png,0,28
SOB_M_DC-14-15792-40-006.png,0,28
SOB_M_DC-14-15792-40-007.png,0,28
SOB_M_DC-14-15792-40-008.png,0,28
SOB_M_DC-14-15792-40-009.png,0,28
SOB_M_DC-14-15792-40-010.png,1,27
SOB_M_DC-14-15792-40-011.png,1,27
SOB_M_DC-14-15792-40-012.png,0,28
SOB_M_DC-14-15792-40-013.png,0,28
SOB_M_DC-14-15792-40-014.png,0,28
SOB_M_DC-14-15792-400-001.png,0,28
SOB_M_DC-14-15792-400-002.png,0,28
SOB_M_DC-14-15792-400-003.png,0,28
SOB_M_DC-14-15792-400-004.png,1,27
SOB_M_DC-14-15792-400-005.png,0,28
SOB_M_DC-14-15792-400-006.png,0,28
SOB_M_DC-14-15792-400-007.png,1,27
SOB_M_DC-14-15792-400-008.png,0,28
SOB_M_DC-14-15792-400-009.png,0,28
SOB_M_DC-14-15792-400-010.png,0,28
SOB_M_DC-14-15792-400-011.png,1,27
SOB_M_DC-14-15792-400-012.png,0,28
SOB_M_DC-14-15792-400-013.png,1,27
SOB_M_DC-14-15792-400-014.png,9,19
SOB_M_DC-14-15792-400-015.png,1,27
SOB_M_DC-14-16188-100-001.png,0,28
SOB_M_DC-14-16188-100-002.png,0,28
SOB_M_DC-14-16188-100-003.png,0,28
SOB_M_DC-14-16188-100-004.png,0,28
SOB_M_DC-14-16188-100-005.png,0,28
SOB_M_DC-14-16188-100-006.png,1,27
SOB_M_DC-14-16188-100-007.png,0,28
SOB_M_DC-14-16188-100-008.png,0,28
SOB_M_DC-14-16188-100-009.png,0,28
SOB_M_DC-14-16188-100-010.png,0,28
SOB_M_DC-14-16188-100-011.png,0,28
SOB_M_DC-14-16188-100-012.png,0,28
SOB_M_DC-14-16188-100-013.png,0,28
SOB_M_DC-14-16188-100-014.png,1,27
SOB_M_DC-14-16188-100-015.png,0,28
SOB_M_DC-14-16188-100-016.png,0,28
SOB_M_DC-14-16188-100-017.png,0,28
SOB_M_DC-14-16188-100-018.png,0,28
SOB_M_DC-14-16188-100-019.png,0,28
SOB_M_DC-14-16188-200-001.png,0,28
SOB_M_DC-14-16188-200-002.png,0,28
SOB_M_DC-14-16188-200-003.png,0,28
SOB_M_DC-14-16188-200-004.png,0,28
SOB_M_DC-14-16188-200-005.png,0,28
SOB_M_DC-14-16188-200-006.png,0,28
SOB_M_DC-14-16188-200-007.png,0,28
SOB_M_DC-14-16188-200-008.png,0,28
SOB_M_DC-14-16188-200-009.png,0,28
SOB_M_DC-14-16188-200-010.png,0,28
SOB_M_DC-14-16188-200-011.png,0,28
SOB_M_DC-14-16188-200-012.png,0,28
SOB_M_DC-14-16188-200-013.png,0,28
SOB_M_DC-14-16188-200-014.png,0,28
SOB_M_DC-14-16188-200-015.png,0,28
SOB_M_DC-14-16188-200-016.png,0,28
SOB_M_DC-14-16188-200-017.png,0,28
SOB_M_DC-14-16188-200-018.png,0,28
SOB_M_DC-14-16188-200-019.png,2,26
SOB_M_DC-14-16188-200-020.png,0,28
SOB_M_DC-14-16188-200-021.png,0,28
SOB_M_DC-14-16188-40-001.png,0,28
SOB_M_DC-14-16188-40-002.png,0,28
SOB_M_DC-14-16188-40-003.png,0,28
SOB_M_DC-14-16188-40-004.png,0,28
SOB_M_DC-14-16188-40-005.png,0,28
SOB_M_DC-14-16188-40-006.png,0,28
SOB_M_DC-14-16188-40-007.png,0,28
SOB_M_DC-14-16188-40-008.png,0,28
SOB_M_DC-14-16188-40-009.png,0,28
SOB_M_DC-14-16188-40-010.png,0,28
SOB_M_DC-14-16188-40-011.png,0,28
SOB_M_DC-14-16188-40-012.png,0,28
SOB_M_DC-14-16188-40-013.png,0,28
SOB_M_DC-14-16188-40-014.png,0,28
SOB_M_DC-14-16188-40-015.png,0,28
SOB_M_DC-14-16188-40-016.png,0,28
SOB_M_DC-14-16188-40-017.png,0,28
SOB_M_DC-14-16188-40-018.png,0,28
SOB_M_DC-14-16188-40-019.png,0,28
SOB_M_DC-14-16188-40-020.png,0,28
SOB_M_DC-14-16188-40-021.png,0,28
SOB_M_DC-14-16188-40-022.png,0,28
SOB_M_DC-14-16188-40-023.png,0,28
SOB_M_DC-14-16188-40-024.png,0,28
SOB_M_DC-14-16188-400-001.png,0,28
SOB_M_DC-14-16188-400-002.png,0,28
SOB_M_DC-14-16188-400-003.png,0,28
SOB_M_DC-14-16188-400-004.png,0,28
SOB_M_DC-14-16188-400-005.png,0,28
SOB_M_DC-14-16188-400-006.png,0,28
SOB_M_DC-14-16188-400-007.png,0,28
SOB_M_DC-14-16188-400-008.png,0,28
SOB_M_DC-14-16188-400-009.png,0,28
SOB_M_DC-14-16188-400-010.png,0,28
SOB_M_DC-14-16188-400-011.png,0,28
SOB_M_DC-14-16188-400-012.png,0,28
SOB_M_DC-14-16188-400-013.png,0,28
SOB_M_DC-14-16188-400-014.png,0,28
SOB_M_DC-14-16188-400-015.png,0,28
SOB_M_DC-14-16188-400-016.png,0,28
SOB_M_DC-14-16188-400-017.png,0,28
SOB_M_DC-14-16188-400-018.png,0,28
SOB_M_DC-14-16188-400-019.png,0,28
SOB_M_DC-14-16188-400-020.png,0,28
SOB_M_DC-14-16188-400-021.png,0,28
SOB_M_DC-14-16188-400-022.png,0,28
SOB_M_DC-14-16188-400-023.png,0,28
SOB_M_DC-14-16601-100-001.png,1,27
SOB_M_DC-14-16601-100-003.png,0,28
SOB_M_DC-14-16601-100-004.png,0,28
SOB_M_DC-14-16601-100-005.png,0,28
SOB_M_DC-14-16601-100-006.png,0,28
SOB_M_DC-14-16601-100-007.png,0,28
SOB_M_DC-14-16601-100-008.png,0,28
SOB_M_DC-14-16601-100-009.png,0,28
SOB_M_DC-14-16601-100-010.png,0,28
SOB_M_DC-14-16601-100-011.png,0,28
SOB_M_DC-14-16601-200-001.png,0,28
SOB_M_DC-14-16601-200-002.png,6,22
SOB_M_DC-14-16601-200-003.png,0,28
SOB_M_DC-14-16601-200-004.png,0,28
SOB_M_DC-14-16601-200-005.png,0,28
SOB_M_DC-14-16601-200-006.png,0,28
SOB_M_DC-14-16601-200-008.png,0,28
SOB_M_DC-14-16601-200-009.png,0,28
SOB_M_DC-14-16601-200-010.png,0,28
SOB_M_DC-14-16601-200-011.png,0,28
SOB_M_DC-14-16601-40-001.png,0,28
SOB_M_DC-14-16601-40-002.png,0,28
SOB_M_DC-14-16601-40-003.png,0,28
SOB_M_DC-14-16601-40-004.png,0,28
SOB_M_DC-14-16601-40-005.png,0,28
SOB_M_DC-14-16601-40-006.png,0,28
SOB_M_DC-14-16601-40-007.png,0,28
SOB_M_DC-14-16601-40-008.png,0,28
SOB_M_DC-14-16601-40-009.png,0,28
SOB_M_DC-14-16601-40-010.png,0,28
SOB_M_DC-14-16601-40-011.png,0,28
SOB_M_DC-14-16601-40-012.png,0,28
SOB_M_DC-14-16601-400-001.png,0,28
SOB_M_DC-14-16601-400-002.png,0,28
SOB_M_DC-14-16601-400-003.png,0,28
SOB_M_DC-14-16601-400-004.png,0,28
SOB_M_DC-14-16601-400-005.png,0,28
SOB_M_DC-14-16601-400-006.png,0,28
SOB_M_DC-14-16601-400-007.png,0,28
SOB_M_DC-14-16601-400-008.png,1,27
SOB_M_DC-14-16601-400-009.png,0,28
SOB_M_DC-14-16601-400-010.png,0,28
SOB_M_DC-14-16601-400-011.png,0,28
SOB_M_DC-14-16601-400-012.png,0,28
SOB_M_DC-14-16601-400-014.png,0,28
SOB_M_DC-14-17614-100-001.png,0,28
SOB_M_DC-14-17614-100-002.png,0,28
SOB_M_DC-14-17614-100-003.png,0,28
SOB_M_DC-14-17614-100-004.png,0,28
SOB_M_DC-14-17614-100-005.png,0,28
SOB_M_DC-14-17614-100-006.png,0,28
SOB_M_DC-14-17614-100-007.png,0,28
SOB_M_DC-14-17614-100-008.png,0,28
SOB_M_DC-14-17614-100-009.png,0,28
SOB_M_DC-14-17614-100-010.png,0,28
SOB_M_DC-14-17614-100-011.png,0,28
SOB_M_DC-14-17614-100-012.png,0,28
SOB_M_DC-14-17614-100-013.png,0,28
SOB_M_DC-14-17614-100-014.png,0,28
SOB_M_DC-14-17614-100-015.png,0,28
SOB_M_DC-14-17614-100-016.png,0,28
SOB_M_DC-14-17614-100-017.png,0,28
SOB_M_DC-14-17614-100-018.png,0,28
SOB_M_DC-14-17614-100-019.png,0,28
SOB_M_DC-14-17614-100-020.png,0,28
SOB_M_DC-14-17614-100-021.png,0,28
SOB_M_DC-14-17614-100-022.png,0,28
SOB_M_DC-14-17614-100-023.png,0,28
SOB_M_DC-14-17614-100-024.png,0,28
SOB_M_DC-14-17614-100-025.png,0,28
SOB_M_DC-14-17614-100-026.png,0,28
SOB_M_DC-14-17614-100-027.png,0,28
SOB_M_DC-14-17614-100-028.png,0,28
SOB_M_DC-14-17614-100-029.png,0,28
SOB_M_DC-14-17614-200-001.png,0,28
SOB_M_DC-14-17614-200-002.png,0,28
SOB_M_DC-14-17614-200-003.png,0,28
SOB_M_DC-14-17614-200-004.png,0,28
SOB_M_DC-14-17614-200-005.png,0,28
SOB_M_DC-14-17614-200-006.png,0,28
SOB_M_DC-14-17614-200-007.png,0,28
SOB_M_DC-14-17614-200-008.png,0,28
SOB_M_DC-14-17614-200-009.png,0,28
SOB_M_DC-14-17614-200-010.png,0,28
SOB_M_DC-14-17614-200-011.png,0,28
SOB_M_DC-14-17614-200-012.png,0,28
SOB_M_DC-14-17614-200-013.png,0,28
SOB_M_DC-14-17614-200-014.png,0,28
SOB_M_DC-14-17614-200-015.png,0,28
SOB_M_DC-14-17614-200-016.png,0,28
SOB_M_DC-14-17614-200-017.png,0,28
SOB_M_DC-14-17614-200-018.png,0,28
SOB_M_DC-14-17614-200-019.png,0,28
SOB_M_DC-14-17614-200-020.png,0,28
SOB_M_DC-14-17614-200-021.png,0,28
SOB_M_DC-14-17614-200-022.png,0,28
SOB_M_DC-14-17614-200-023.png,0,28
SOB_M_DC-14-17614-200-024.png,0,28
SOB_M_DC-14-17614-200-025.png,0,28
SOB_M_DC-14-17614-200-026.png,0,28
SOB_M_DC-14-17614-200-027.png,0,28
SOB_M_DC-14-17614-200-028.png,0,28
SOB_M_DC-14-17614-200-029.png,0,28
SOB_M_DC-14-17614-200-030.png,0,28
SOB_M_DC-14-17614-200-031.png,0,28
SOB_M_DC-14-17614-200-032.png,0,28
SOB_M_DC-14-17614-200-033.png,0,28
SOB_M_DC-14-17614-40-001.png,0,28
SOB_M_DC-14-17614-40-002.png,0,28
SOB_M_DC-14-17614-40-003.png,0,28
SOB_M_DC-14-17614-40-004.png,0,28
SOB_M_DC-14-17614-40-005.png,0,28
SOB_M_DC-14-17614-40-006.png,0,28
SOB_M_DC-14-17614-40-007.png,0,28
SOB_M_DC-14-17614-40-008.png,0,28
SOB_M_DC-14-17614-40-009.png,0,28
SOB_M_DC-14-17614-40-010.png,0,28
SOB_M_DC-14-17614-40-011.png,0,28
SOB_M_DC-14-17614-40-012.png,0,28
SOB_M_DC-14-17614-40-013.png,0,28
SOB_M_DC-14-17614-40-014.png,0,28
SOB_M_DC-14-17614-40-015.png,0,28
SOB_M_DC-14-17614-40-016.png,0,28
SOB_M_DC-14-17614-40-017.png,0,28
SOB_M_DC-14-17614-40-018.png,0,28
SOB_M_DC-14-17614-40-019.png,0,28
SOB_M_DC-14-17614-40-020.png,0,28
SOB_M_DC-14-17614-40-021.png,0,28
SOB_M_DC-14-17614-40-022.png,0,28
SOB_M_DC-14-17614-40-023.png,0,28
SOB_M_DC-14-17614-40-024.png,0,28
SOB_M_DC-14-17614-40-025.png,0,28
SOB_M_DC-14-17614-40-026.png,0,28
SOB_M_DC-14-17614-40-027.png,0,28
SOB_M_DC-14-17614-40-028.png,0,28
SOB_M_DC-14-17614-40-029.png,0,28
SOB_M_DC-14-17614-40-030.png,0,28
SOB_M_DC-14-17614-40-031.png,0,28
SOB_M_DC-14-17614-40-032.png,0,28
SOB_M_DC-14-17614-40-033.png,0,28
SOB_M_DC-14-17614-40-034.png,0,28
SOB_M_DC-14-17614-40-035.png,0,28
SOB_M_DC-14-17614-40-036.png,0,28
SOB_M_DC-14-17614-40-037.png,0,28
SOB_M_DC-14-17614-40-038.png,0,28
SOB_M_DC-14-17614-40-039.png,0,28
SOB_M_DC-14-17614-400-001.png,0,28
SOB_M_DC-14-17614-400-002.png,0,28
SOB_M_DC-14-17614-400-003.png,0,28
SOB_M_DC-14-17614-400-004.png,0,28
SOB_M_DC-14-17614-400-005.png,0,28
SOB_M_DC-14-17614-400-006.png,0,28
SOB_M_DC-14-17614-400-007.png,0,28
SOB_M_DC-14-17614-400-008.png,0,28
SOB_M_DC-14-17614-400-009.png,1,27
SOB_M_DC-14-17614-400-010.png,0,28
SOB_M_DC-14-17614-400-011.png,0,28
SOB_M_DC-14-17614-400-012.png,0,28
SOB_M_DC-14-17614-400-013.png,0,28
SOB_M_DC-14-17614-400-014.png,0,28
SOB_M_DC-14-17614-400-015.png,0,28
SOB_M_DC-14-17614-400-016.png,0,28
SOB_M_DC-14-17614-400-017.png,0,28
SOB_M_DC-14-17614-400-018.png,0,28
SOB_M_DC-14-17614-400-019.png,0,28
SOB_M_DC-14-17614-400-020.png,0,28
SOB_M_DC-14-17614-400-021.png,0,28
SOB_M_DC-14-17614-400-022.png,0,28
SOB_M_DC-14-17614-400-023.png,0,28
SOB_M_DC-14-17614-400-024.png,0,28
SOB_M_DC-14-17614-400-025.png,0,28
SOB_M_DC-14-17614-400-026.png,0,28
SOB_M_DC-14-17614-400-027.png,0,28
SOB_M_DC-14-17614-400-028.png,0,28
SOB_M_DC-14-20629-100-001.png,0,28
SOB_M_DC-14-20629-100-002.png,0,28
SOB_M_DC-14-20629-100-003.png,0,28
SOB_M_DC-14-20629-100-004.png,0,28
SOB_M_DC-14-20629-100-005.png,0,28
SOB_M_DC-14-20629-100-006.png,0,28
SOB_M_DC-14-20629-100-007.png,0,28
SOB_M_DC-14-20629-100-008.png,0,28
SOB_M_DC-14-20629-100-009.png,0,28
SOB_M_DC-14-20629-100-010.png,0,28
SOB_M_DC-14-20629-100-011.png,0,28
SOB_M_DC-14-20629-100-012.png,0,28
SOB_M_DC-14-20629-100-013.png,0,28
SOB_M_DC-14-20629-100-014.png,0,28
SOB_M_DC-14-20629-100-015.png,0,28
SOB_M_DC-14-20629-100-016.png,0,28
SOB_M_DC-14-20629-100-017.png,0,28
SOB_M_DC-14-20629-100-018.png,0,28
SOB_M_DC-14-20629-100-019.png,0,28
SOB_M_DC-14-20629-100-020.png,0,28
SOB_M_DC-14-20629-100-021.png,6,22
SOB_M_DC-14-20629-100-022.png,1,27
SOB_M_DC-14-20629-100-023.png,0,28
SOB_M_DC-14-20629-100-024.png,1,27
SOB_M_DC-14-20629-100-025.png,1,27
SOB_M_DC-14-20629-100-026.png,0,28
SOB_M_DC-14-20629-100-027.png,0,28
SOB_M_DC-14-20629-100-028.png,0,28
SOB_M_DC-14-20629-100-029.png,0,28
SOB_M_DC-14-20629-100-030.png,0,28
SOB_M_DC-14-20629-100-031.png,0,28
SOB_M_DC-14-20629-100-032.png,0,28
SOB_M_DC-14-20629-100-033.png,0,28
SOB_M_DC-14-20629-200-001.png,0,28
SOB_M_DC-14-20629-200-002.png,0,28
SOB_M_DC-14-20629-200-003.png,0,28
SOB_M_DC-14-20629-200-004.png,0,28
SOB_M_DC-14-20629-200-005.png,0,28
SOB_M_DC-14-20629-200-006.png,0,28
SOB_M_DC-14-20629-200-007.png,0,28
SOB_M_DC-14-20629-200-008.png,0,28
SOB_M_DC-14-20629-200-009.png,0,28
SOB_M_DC-14-20629-200-010.png,0,28
SOB_M_DC-14-20629-200-011.png,0,28
SOB_M_DC-14-20629-200-012.png,0,28
SOB_M_DC-14-20629-200-013.png,0,28
SOB_M_DC-14-20629-200-014.png,0,28
SOB_M_DC-14-20629-200-015.png,0,28
SOB_M_DC-14-20629-200-016.png,0,28
SOB_M_DC-14-20629-200-017.png,0,28
SOB_M_DC-14-20629-200-018.png,0,28
SOB_M_DC-14-20629-200-019.png,0,28
SOB_M_DC-14-20629-200-020.png,0,28
SOB_M_DC-14-20629-200-021.png,0,28
SOB_M_DC-14-20629-200-022.png,0,28
SOB_M_DC-14-20629-200-023.png,0,28
SOB_M_DC-14-20629-200-024.png,0,28
SOB_M_DC-14-20629-200-025.png,0,28
SOB_M_DC-14-20629-200-026.png,0,28
SOB_M_DC-14-20629-200-027.png,0,28
SOB_M_DC-14-20629-200-028.png,0,28
SOB_M_DC-14-20629-200-029.png,0,28
SOB_M_DC-14-20629-200-030.png,0,28
SOB_M_DC-14-20629-200-031.png,0,28
SOB_M_DC-14-20629-200-032.png,0,28
SOB_M_DC-14-20629-40-001.png,3,25
SOB_M_DC-14-20629-40-002.png,0,28
SOB_M_DC-14-20629-40-003.png,0,28
SOB_M_DC-14-20629-40-004.png,2,26
SOB_M_DC-14-20629-40-005.png,0,28
SOB_M_DC-14-20629-40-006.png,0,28
SOB_M_DC-14-20629-40-007.png,1,27
SOB_M_DC-14-20629-40-008.png,0,28
SOB_M_DC-14-20629-40-009.png,0,28
SOB_M_DC-14-20629-40-010.png,0,28
SOB_M_DC-14-20629-40-011.png,0,28
SOB_M_DC-14-20629-40-012.png,0,28
SOB_M_DC-14-20629-40-013.png,2,26
SOB_M_DC-14-20629-40-014.png,9,19
SOB_M_DC-14-20629-40-015.png,4,24
SOB_M_DC-14-20629-40-016.png,3,25
SOB_M_DC-14-20629-40-017.png,1,27
SOB_M_DC-14-20629-40-018.png,1,27
SOB_M_DC-14-20629-40-019.png,2,26
SOB_M_DC-14-20629-40-020.png,1,27
SOB_M_DC-14-20629-40-021.png,1,27
SOB_M_DC-14-20629-40-022.png,0,28
SOB_M_DC-14-20629-40-023.png,0,28
SOB_M_DC-14-20629-40-024.png,1,27
SOB_M_DC-14-20629-40-025.png,0,28
SOB_M_DC-14-20629-40-026.png,0,28
SOB_M_DC-14-20629-40-027.png,0,28
SOB_M_DC-14-20629-40-028.png,0,28
SOB_M_DC-14-20629-40-029.png,0,28
SOB_M_DC-14-20629-40-030.png,0,28
SOB_M_DC-14-20629-40-031.png,0,28
SOB_M_DC-14-20629-40-032.png,0,28
SOB_M_DC-14-20629-40-033.png,0,28
SOB_M_DC-14-20629-40-034.png,0,28
SOB_M_DC-14-20629-40-035.png,1,27
SOB_M_DC-14-20629-40-036.png,1,27
SOB_M_DC-14-20629-400-001.png,0,28
SOB_M_DC-14-20629-400-002.png,0,28
SOB_M_DC-14-20629-400-003.png,1,27
SOB_M_DC-14-20629-400-004.png,0,28
SOB_M_DC-14-20629-400-005.png,0,28
SOB_M_DC-14-20629-400-006.png,0,28
SOB_M_DC-14-20629-400-007.png,0,28
SOB_M_DC-14-20629-400-008.png,0,28
SOB_M_DC-14-20629-400-009.png,0,28
SOB_M_DC-14-20629-400-010.png,0,28
SOB_M_DC-14-20629-400-011.png,0,28
SOB_M_DC-14-20629-400-012.png,1,27
SOB_M_DC-14-20629-400-013.png,0,28
SOB_M_DC-14-20629-400-014.png,0,28
SOB_M_DC-14-20629-400-015.png,0,28
SOB_M_DC-14-20629-400-016.png,0,28
SOB_M_DC-14-20629-400-017.png,0,28
SOB_M_DC-14-20629-400-018.png,0,28
SOB_M_DC-14-20629-400-019.png,0,28
SOB_M_DC-14-20629-400-020.png,0,28
SOB_M_DC-14-20629-400-021.png,0,28
SOB_M_DC-14-20629-400-022.png,0,28
SOB_M_DC-14-20629-400-023.png,0,28
SOB_M_DC-14-20629-400-024.png,0,28
SOB_M_DC-14-2980-100-001.png,0,28
SOB_M_DC-14-2980-100-002.png,0,28
SOB_M_DC-14-2980-100-003.png,0,28
SOB_M_DC-14-2980-100-004.png,0,28
SOB_M_DC-14-2980-100-005.png,0,28
SOB_M_DC-14-2980-100-006.png,0,28
SOB_M_DC-14-2980-100-007.png,0,28
SOB_M_DC-14-2980-100-008.png,0,28
SOB_M_DC-14-2980-100-009.png,0,28
SOB_M_DC-14-2980-100-010.png,0,28
SOB_M_DC-14-2980-100-011.png,0,28
SOB_M_DC-14-2980-100-012.png,0,28
SOB_M_DC-14-2980-100-013.png,0,28
SOB_M_DC-14-2980-100-014.png,0,28
SOB_M_DC-14-2980-100-015.png,0,28
SOB_M_DC-14-2980-100-016.png,0,28
SOB_M_DC-14-2980-100-017.png,0,28
SOB_M_DC-14-2980-100-018.png,0,28
SOB_M_DC-14-2980-100-019.png,0,28
SOB_M_DC-14-2980-100-020.png,0,28
SOB_M_DC-14-2980-100-021.png,0,28
SOB_M_DC-14-2980-100-022.png,0,28
SOB_M_DC-14-2980-100-023.png,0,28
SOB_M_DC-14-2980-100-024.png,0,28
SOB_M_DC-14-2980-100-025.png,0,28
SOB_M_DC-14-2980-200-001.png,0,28
SOB_M_DC-14-2980-200-002.png,0,28
SOB_M_DC-14-2980-200-003.png,0,28
SOB_M_DC-14-2980-200-004.png,0,28
SOB_M_DC-14-2980-200-005.png,0,28
SOB_M_DC-14-2980-200-006.png,0,28
SOB_M_DC-14-2980-200-007.png,0,28
SOB_M_DC-14-2980-200-008.png,0,28
SOB_M_DC-14-2980-200-009.png,0,28
SOB_M_DC-14-2980-200-010.png,0,28
SOB_M_DC-14-2980-200-011.png,0,28
SOB_M_DC-14-2980-200-012.png,0,28
SOB_M_DC-14-2980-200-013.png,0,28
SOB_M_DC-14-2980-200-014.png,0,28
SOB_M_DC-14-2980-200-015.png,0,28
SOB_M_DC-14-2980-200-016.png,0,28
SOB_M_DC-14-2980-200-017.png,0,28
SOB_M_DC-14-2980-200-018.png,0,28
SOB_M_DC-14-2980-200-019.png,0,28
SOB_M_DC-14-2980-200-020.png,0,28
SOB_M_DC-14-2980-200-021.png,0,28
SOB_M_DC-14-2980-40-001.png,0,28
SOB_M_DC-14-2980-40-002.png,0,28
SOB_M_DC-14-2980-40-003.png,0,28
SOB_M_DC-14-2980-40-004.png,0,28
SOB_M_DC-14-2980-40-005.png,0,28
SOB_M_DC-14-2980-40-006.png,0,28
SOB_M_DC-14-2980-40-007.png,0,28
SOB_M_DC-14-2980-40-008.png,0,28
SOB_M_DC-14-2980-40-009.png,0,28
SOB_M_DC-14-2980-40-010.png,0,28
SOB_M_DC-14-2980-40-011.png,0,28
SOB_M_DC-14-2980-40-012.png,0,28
SOB_M_DC-14-2980-40-013.png,0,28
SOB_M_DC-14-2980-40-014.png,0,28
SOB_M_DC-14-2980-40-015.png,0,28
SOB_M_DC-14-2980-40-016.png,0,28
SOB_M_DC-14-2980-40-017.png,0,28
SOB_M_DC-14-2980-40-018.png,0,28
SOB_M_DC-14-2980-40-019.png,0,28
SOB_M_DC-14-2980-40-020.png,0,28
SOB_M_DC-14-2980-400-001.png,0,28
SOB_M_DC-14-2980-400-002.png,0,28
SOB_M_DC-14-2980-400-003.png,0,28
SOB_M_DC-14-2980-400-004.png,0,28
SOB_M_DC-14-2980-400-005.png,0,28
SOB_M_DC-14-2980-400-006.png,0,28
SOB_M_DC-14-2980-400-007.png,0,28
SOB_M_DC-14-2980-400-008.png,0,28
SOB_M_DC-14-2980-400-009.png,0,28
SOB_M_DC-14-2980-400-010.png,0,28
SOB_M_DC-14-2980-400-011.png,0,28
SOB_M_DC-14-2980-400-012.png,0,28
SOB_M_DC-14-2980-400-013.png,0,28
SOB_M_DC-14-2980-400-014.png,0,28
SOB_M_DC-14-2980-400-015.png,0,28
SOB_M_DC-14-2980-400-016.png,0,28
SOB_M_DC-14-2980-400-017.png,0,28
SOB_M_DC-14-2980-400-018.png,0,28
SOB_M_DC-14-2985-100-001.png,0,28
SOB_M_DC-14-2985-100-002.png,0,28
SOB_M_DC-14-2985-100-003.png,3,25
SOB_M_DC-14-2985-100-004.png,5,23
SOB_M_DC-14-2985-100-005.png,0,28
SOB_M_DC-14-2985-100-006.png,5,23
SOB_M_DC-14-2985-100-007.png,1,27
SOB_M_DC-14-2985-100-008.png,0,28
SOB_M_DC-14-2985-100-009.png,0,28
SOB_M_DC-14-2985-100-010.png,3,25
SOB_M_DC-14-2985-100-011.png,1,27
SOB_M_DC-14-2985-200-001.png,2,26
SOB_M_DC-14-2985-200-002.png,0,28
SOB_M_DC-14-2985-200-003.png,3,25
SOB_M_DC-14-2985-200-004.png,0,28
SOB_M_DC-14-2985-200-005.png,1,27
SOB_M_DC-14-2985-200-006.png,3,25
SOB_M_DC-14-2985-200-007.png,0,28
SOB_M_DC-14-2985-200-008.png,0,28
SOB_M_DC-14-2985-200-009.png,0,28
SOB_M_DC-14-2985-200-010.png,0,28
SOB_M_DC-14-2985-200-011.png,0,28
SOB_M_DC-14-2985-200-012.png,1,27
SOB_M_DC-14-2985-200-013.png,0,28
SOB_M_DC-14-2985-200-014.png,5,23
SOB_M_DC-14-2985-40-001.png,0,28
SOB_M_DC-14-2985-40-002.png,0,28
SOB_M_DC-14-2985-40-003.png,0,28
SOB_M_DC-14-2985-40-004.png,1,27
SOB_M_DC-14-2985-40-005.png,0,28
SOB_M_DC-14-2985-40-006.png,0,28
SOB_M_DC-14-2985-40-007.png,0,28
SOB_M_DC-14-2985-40-008.png,0,28
SOB_M_DC-14-2985-40-009.png,0,28
SOB_M_DC-14-2985-40-010.png,0,28
SOB_M_DC-14-2985-40-011.png,0,28
SOB_M_DC-14-2985-40-012.png,1,27
SOB_M_DC-14-2985-40-013.png,0,28
SOB_M_DC-14-2985-40-014.png,1,27
SOB_M_DC-14-2985-40-015.png,0,28
SOB_M_DC-14-2985-40-016.png,0,28
SOB_M_DC-14-2985-40-017.png,1,27
SOB_M_DC-14-2985-40-018.png,0,28
SOB_M_DC-14-2985-40-019.png,1,27
SOB_M_DC-14-2985-40-020.png,6,22
SOB_M_DC-14-2985-400-001.png,2,26
SOB_M_DC-14-2985-400-002.png,3,25
SOB_M_DC-14-2985-400-003.png,2,26
SOB_M_DC-14-2985-400-004.png,0,28
SOB_M_DC-14-2985-400-005.png,0,28
SOB_M_DC-14-2985-400-006.png,0,28
SOB_M_DC-14-2985-400-007.png,0,28
SOB_M_DC-14-2985-400-008.png,9,19
SOB_M_DC-14-2985-400-009.png,1,27
SOB_M_DC-14-2985-400-010.png,2,26
SOB_M_DC-14-2985-400-011.png,0,28
SOB_M_DC-14-2985-400-012.png,0,28
SOB_M_DC-14-2985-400-013.png,0,28
SOB_M_DC-14-2985-400-014.png,1,27
SOB_M_DC-14-4364-100-001.png,0,28
SOB_M_DC-14-4364-100-002.png,0,28
SOB_M_DC-14-4364-100-003.png,0,28
SOB_M_DC-14-4364-100-004.png,0,28
SOB_M_DC-14-4364-100-005.png,0,28
SOB_M_DC-14-4364-100-006.png,0,28
SOB_M_DC-14-4364-100-007.png,0,28
SOB_M_DC-14-4364-100-008.png,0,28
SOB_M_DC-14-4364-100-009.png,1,27
SOB_M_DC-14-4364-100-010.png,1,27
SOB_M_DC-14-4364-200-001.png,0,28
SOB_M_DC-14-4364-200-002.png,0,28
SOB_M_DC-14-4364-200-003.png,1,27
SOB_M_DC-14-4364-200-004.png,0,28
SOB_M_DC-14-4364-200-005.png,0,28
SOB_M_DC-14-4364-200-006.png,0,28
SOB_M_DC-14-4364-200-007.png,0,28
SOB_M_DC-14-4364-200-008.png,0,28
SOB_M_DC-14-4364-200-009.png,1,27
SOB_M_DC-14-4364-200-010.png,1,27
SOB_M_DC-14-4364-200-011.png,0,28
SOB_M_DC-14-4364-200-012.png,1,27
SOB_M_DC-14-4364-200-014.png,0,28
SOB_M_DC-14-4364-200-015.png,0,28
SOB_M_DC-14-4364-200-016.png,0,28
SOB_M_DC-14-4364-200-017.png,0,28
SOB_M_DC-14-4364-200-018.png,0,28
SOB_M_DC-14-4364-200-019.png,0,28
SOB_M_DC-14-4364-200-020.png,0,28
SOB_M_DC-14-4364-200-021.png,0,28
SOB_M_DC-14-4364-200-022.png,0,28
SOB_M_DC-14-4364-200-023.png,0,28
SOB_M_DC-14-4364-200-024.png,0,28
SOB_M_DC-14-4364-200-025.png,0,28
SOB_M_DC-14-4364-200-026.png,3,25
SOB_M_DC-14-4364-40-001.png,0,28
SOB_M_DC-14-4364-400-001.png,0,28
SOB_M_DC-14-4364-400-002.png,0,28
SOB_M_DC-14-4364-400-003.png,0,28
SOB_M_DC-14-4364-400-004.png,0,28
SOB_M_DC-14-4364-400-006.png,0,28
SOB_M_DC-14-4364-400-007.png,0,28
SOB_M_DC-14-4364-400-008.png,0,28
SOB_M_DC-14-4364-400-009.png,1,27
SOB_M_DC-14-4372-100-001.png,0,28
SOB_M_DC-14-4372-100-002.png,0,28
SOB_M_DC-14-4372-100-003.png,0,28
SOB_M_DC-14-4372-100-004.png,0,28
SOB_M_DC-14-4372-100-005.png,0,28
SOB_M_DC-14-4372-100-006.png,0,28
SOB_M_DC-14-4372-100-007.png,0,28
SOB_M_DC-14-4372-100-008.png,0,28
SOB_M_DC-14-4372-100-009.png,0,28
SOB_M_DC-14-4372-100-010.png,0,28
SOB_M_DC-14-4372-100-011.png,0,28
SOB_M_DC-14-4372-100-012.png,0,28
SOB_M_DC-14-4372-100-013.png,0,28
SOB_M_DC-14-4372-100-014.png,0,28
SOB_M_DC-14-4372-100-015.png,0,28
SOB_M_DC-14-4372-100-016.png,0,28
SOB_M_DC-14-4372-100-017.png,0,28
SOB_M_DC-14-4372-100-018.png,0,28
SOB_M_DC-14-4372-100-019.png,0,28
SOB_M_DC-14-4372-100-020.png,0,28
SOB_M_DC-14-4372-100-021.png,0,28
SOB_M_DC-14-4372-100-022.png,0,28
SOB_M_DC-14-4372-200-001.png,0,28
SOB_M_DC-14-4372-200-002.png,0,28
SOB_M_DC-14-4372-200-003.png,0,28
SOB_M_DC-14-4372-200-004.png,0,28
SOB_M_DC-14-4372-200-005.png,0,28
SOB_M_DC-14-4372-200-006.png,0,28
SOB_M_DC-14-4372-200-007.png,0,28
SOB_M_DC-14-4372-200-008.png,0,28
SOB_M_DC-14-4372-200-009.png,0,28
SOB_M_DC-14-4372-200-010.png,0,28
SOB_M_DC-14-4372-200-011.png,0,28
SOB_M_DC-14-4372-200-012.png,0,28
SOB_M_DC-14-4372-200-013.png,0,28
SOB_M_DC-14-4372-200-014.png,0,28
SOB_M_DC-14-4372-200-015.png,0,28
SOB_M_DC-14-4372-200-016.png,0,28
SOB_M_DC-14-4372-200-017.png,0,28
SOB_M_DC-14-4372-40-001.png,0,28
SOB_M_DC-14-4372-40-002.png,0,28
SOB_M_DC-14-4372-40-003.png,0,28
SOB_M_DC-14-4372-40-004.png,0,28
SOB_M_DC-14-4372-40-005.png,0,28
SOB_M_DC-14-4372-40-006.png,0,28
SOB_M_DC-14-4372-40-007.png,0,28
SOB_M_DC-14-4372-40-008.png,0,28
SOB_M_DC-14-4372-40-009.png,0,28
SOB_M_DC-14-4372-40-010.png,0,28
SOB_M_DC-14-4372-40-011.png,0,28
SOB_M_DC-14-4372-40-012.png,0,28
SOB_M_DC-14-4372-40-013.png,0,28
SOB_M_DC-14-4372-40-014.png,0,28
SOB_M_DC-14-4372-40-015.png,0,28
SOB_M_DC-14-4372-40-016.png,0,28
SOB_M_DC-14-4372-40-017.png,0,28
SOB_M_DC-14-4372-40-018.png,0,28
SOB_M_DC-14-4372-40-019.png,0,28
SOB_M_DC-14-4372-40-020.png,0,28
SOB_M_DC-14-4372-40-021.png,0,28
SOB_M_DC-14-4372-400-001.png,0,28
SOB_M_DC-14-4372-400-002.png,0,28
SOB_M_DC-14-4372-400-003.png,0,28
SOB_M_DC-14-4372-400-004.png,0,28
SOB_M_DC-14-4372-400-005.png,0,28
SOB_M_DC-14-4372-400-006.png,0,28
SOB_M_DC-14-4372-400-007.png,0,28
SOB_M_DC-14-4372-400-008.png,0,28
SOB_M_DC-14-4372-400-009.png,0,28
SOB_M_DC-14-4372-400-010.png,0,28
SOB_M_DC-14-4372-400-011.png,0,28
SOB_M_DC-14-4372-400-012.png,0,28
SOB_M_DC-14-4372-400-013.png,0,28
SOB_M_DC-14-4372-400-014.png,0,28
SOB_M_DC-14-4372-400-015.png,0,28
SOB_M_DC-14-4372-400-016.png,0,28
SOB_M_DC-14-4372-400-017.png,0,28
SOB_M_DC-14-4372-400-018.png,0,28
SOB_M_DC-14-4372-400-019.png,0,28
SOB_M_DC-14-4372-400-020.png,0,28
SOB_M_DC-14-4372-400-021.png,0,28
SOB_M_DC-14-4372-400-022.png,0,28
SOB_M_DC-14-4372-400-023.png,0,28
SOB_M_DC-14-4372-400-024.png,0,28
SOB_M_DC-14-8168-100-001.png,5,23
SOB_M_DC-14-8168-100-002.png,6,22
SOB_M_DC-14-8168-100-003.png,9,19
SOB_M_DC-14-8168-100-004.png,5,23
SOB_M_DC-14-8168-100-005.png,2,26
SOB_M_DC-14-8168-100-006.png,9,19
SOB_M_DC-14-8168-100-007.png,7,21
SOB_M_DC-14-8168-100-008.png,0,28
SOB_M_DC-14-8168-100-009.png,7,21
SOB_M_DC-14-8168-100-010.png,0,28
SOB_M_DC-14-8168-200-001.png,10,18
SOB_M_DC-14-8168-200-002.png,2,26
SOB_M_DC-14-8168-200-003.png,12,16
SOB_M_DC-14-8168-200-004.png,7,21
SOB_M_DC-14-8168-200-005.png,5,23
SOB_M_DC-14-8168-200-006.png,1,27
SOB_M_DC-14-8168-200-007.png,4,24
SOB_M_DC-14-8168-200-008.png,0,28
SOB_M_DC-14-8168-200-009.png,1,27
SOB_M_DC-14-8168-40-001.png,5,23
SOB_M_DC-14-8168-40-002.png,1,27
SOB_M_DC-14-8168-40-003.png,11,17
SOB_M_DC-14-8168-40-004.png,0,28
SOB_M_DC-14-8168-40-005.png,0,28
SOB_M_DC-14-8168-40-006.png,5,23
SOB_M_DC-14-8168-40-007.png,2,26
SOB_M_DC-14-8168-40-008.png,1,27
SOB_M_DC-14-8168-40-009.png,6,22
SOB_M_DC-14-8168-40-010.png,2,26
SOB_M_DC-14-8168-400-001.png,7,21
SOB_M_DC-14-8168-400-002.png,4,24
SOB_M_DC-14-8168-400-003.png,8,20
SOB_M_DC-14-8168-400-004.png,4,24
SOB_M_DC-14-8168-400-005.png,0,28
SOB_M_DC-14-8168-400-006.png,11,17
SOB_M_DC-14-8168-400-007.png,8,20
SOB_M_DC-14-8168-400-008.png,10,18
SOB_M_DC-14-8168-400-009.png,3,25
SOB_M_LC-14-15570-100-001.png,18,10
SOB_M_LC-14-15570-100-002.png,8,20
SOB_M_LC-14-15570-100-003.png,16,12
SOB_M_LC-14-15570-100-004.png,20,8
SOB_M_LC-14-15570-100-005.png,20,8
SOB_M_LC-14-15570-100-006.png,23,5
SOB_M_LC-14-15570-100-007.png,27,1
SOB_M_LC-14-15570-100-008.png,22,6
SOB_M_LC-14-15570-100-009.png,24,4
SOB_M_LC-14-15570-100-010.png,25,3
SOB_M_LC-14-15570-100-011.png,26,2
SOB_M_LC-14-15570-100-012.png,24,4
SOB_M_LC-14-15570-100-013.png,20,8
SOB_M_LC-14-15570-100-014.png,10,18
SOB_M_LC-14-15570-100-015.png,8,20
SOB_M_LC-14-15570-100-016.png,20,8
SOB_M_LC-14-15570-100-017.png,15,13
SOB_M_LC-14-15570-100-018.png,10,18
SOB_M_LC-14-15570-100-019.png,5,23
SOB_M_LC-14-15570-100-020.png,0,28
SOB_M_LC-14-15570-100-021.png,7,21
SOB_M_LC-14-15570-100-022.png,2,26
SOB_M_LC-14-15570-100-023.png,10,18
SOB_M_LC-14-15570-100-024.png,16,12
SOB_M_LC-14-15570-100-025.png,5,23
SOB_M_LC-14-15570-100-026.png,15,13
SOB_M_LC-14-15570-100-027.png,6,22
SOB_M_LC-14-15570-100-028.png,15,13
SOB_M_LC-14-15570-100-029.png,0,28
SOB_M_LC-14-15570-100-030.png,0,28
SOB_M_LC-14-15570-100-031.png,0,28
SOB_M_LC-14-15570-100-032.png,0,28
SOB_M_LC-14-15570-100-033.png,0,28
SOB_M_LC-14-15570-100-034.png,0,28
SOB_M_LC-14-15570-100-035.png,0,28
SOB_M_LC-14-15570-100-036.png,0,28
SOB_M_LC-14-15570-100-037.png,0,28
SOB_M_LC-14-15570-100-038.png,0,28
SOB_M_LC-14-15570-100-039.png,0,28
SOB_M_LC-14-15570-100-040.png,0,28
SOB_M_LC-14-15570-100-041.png,0,28
SOB_M_LC-14-15570-100-042.png,0,28
SOB_M_LC-14-15570-100-043.png,0,28
SOB_M_LC-14-15570-100-044.png,0,28
SOB_M_LC-14-15570-100-045.png,0,28
SOB_M_LC-14-15570-100-046.png,0,28
SOB_M_LC-14-15570-100-047.png,0,28
SOB_M_LC-14-15570-100-048.png,0,28
SOB_M_LC-14-15570-100-049.png,0,28
SOB_M_LC-14-15570-100-050.png,0,28
SOB_M_LC-14-15570-100-051.png,0,28
SOB_M_LC-14-15570-100-052.png,0,28
SOB_M_LC-14-15570-100-053.png,0,28
SOB_M_LC-14-15570-100-054.png,0,28
SOB_M_LC-14-15570-200-001.png,3,25
SOB_M_LC-14-15570-200-002.png,2,26
SOB_M_LC-14-15570-200-003.png,0,28
SOB_M_LC-14-15570-200-004.png,6,22
SOB_M_LC-14-15570-200-005.png,3,25
SOB_M_LC-14-15570-200-006.png,2,26
SOB_M_LC-14-15570-200-007.png,1,27
SOB_M_LC-14-15570-200-008.png,11,17
SOB_M_LC-14-15570-200-009.png,4,24
SOB_M_LC-14-15570-200-010.png,3,25
SOB_M_LC-14-15570-200-011.png,1,27
SOB_M_LC-14-15570-200-012.png,1,27
SOB_M_LC-14-15570-200-013.png,0,28
SOB_M_LC-14-15570-200-014.png,5,23
SOB_M_LC-14-15570-200-015.png,1,27
SOB_M_LC-14-15570-200-016.png,1,27
SOB_M_LC-14-15570-200-017.png,4,24
SOB_M_LC-14-15570-200-018.png,6,22
SOB_M_LC-14-15570-200-019.png,0,28
SOB_M_LC-14-15570-200-020.png,1,27
SOB_M_LC-14-15570-200-021.png,2,26
SOB_M_LC-14-15570-200-022.png,1,27
SOB_M_LC-14-15570-200-023.png,3,25
SOB_M_LC-14-15570-200-024.png,1,27
SOB_M_LC-14-15570-200-025.png,1,27
SOB_M_LC-14-15570-200-026.png,0,28
SOB_M_LC-14-15570-200-027.png,1,27
SOB_M_LC-14-15570-200-028.png,3,25
SOB_M_LC-14-15570-200-029.png,0,28
SOB_M_LC-14-15570-200-030.png,0,28
SOB_M_LC-14-15570-200-031.png,0,28
SOB_M_LC-14-15570-200-032.png,0,28
SOB_M_LC-14-15570-200-033.png,0,28
SOB_M_LC-14-15570-200-034.png,0,28
SOB_M_LC-14-15570-200-035.png,0,28
SOB_M_LC-14-15570-200-036.png,0,28
SOB_M_LC-14-15570-200-037.png,0,28
SOB_M_LC-14-15570-200-038.png,0,28
SOB_M_LC-14-15570-200-039.png,0,28
SOB_M_LC-14-15570-200-040.png,0,28
SOB_M_LC-14-15570-200-041.png,0,28
SOB_M_LC-14-15570-200-042.png,0,28
SOB_M_LC-14-15570-200-043.png,0,28
SOB_M_LC-14-15570-200-044.png,2,26
SOB_M_LC-14-15570-200-045.png,0,28
SOB_M_LC-14-15570-200-046.png,0,28
SOB_M_LC-14-15570-200-047.png,0,28
SOB_M_LC-14-15570-200-048.png,0,28
SOB_M_LC-14-15570-200-049.png,0,28
SOB_M_LC-14-15570-200-050.png,0,28
SOB_M_LC-14-15570-200-051.png,0,28
SOB_M_LC-14-15570-200-052.png,0,28
SOB_M_LC-14-15570-200-053.png,0,28
SOB_M_LC-14-15570-200-054.png,0,28
SOB_M_LC-14-15570-200-055.png,0,28
SOB_M_LC-14-15570-40-001.png,3,25
SOB_M_LC-14-15570-40-002.png,1,27
SOB_M_LC-14-15570-40-003.png,1,27
SOB_M_LC-14-15570-40-004.png,9,19
SOB_M_LC-14-15570-40-005.png,0,28
SOB_M_LC-14-15570-40-006.png,5,23
SOB_M_LC-14-15570-40-007.png,9,19
SOB_M_LC-14-15570-40-008.png,7,21
SOB_M_LC-14-15570-40-009.png,17,11
SOB_M_LC-14-15570-40-010.png,20,8
SOB_M_LC-14-15570-40-011.png,18,10
SOB_M_LC-14-15570-40-012.png,22,6
SOB_M_LC-14-15570-40-013.png,16,12
SOB_M_LC-14-15570-40-014.png,19,9
SOB_M_LC-14-15570-40-015.png,5,23
SOB_M_LC-14-15570-40-016.png,8,20
SOB_M_LC-14-15570-40-017.png,9,19
SOB_M_LC-14-15570-40-018.png,18,10
SOB_M_LC-14-15570-40-019.png,6,22
SOB_M_LC-14-15570-40-020.png,7,21
SOB_M_LC-14-15570-40-021.png,6,22
SOB_M_LC-14-15570-40-022.png,1,27
SOB_M_LC-14-15570-40-023.png,2,26
SOB_M_LC-14-15570-40-024.png,5,23
SOB_M_LC-14-15570-40-025.png,5,23
SOB_M_LC-14-15570-40-026.png,2,26
SOB_M_LC-14-15570-40-027.png,5,23
SOB_M_LC-14-15570-40-028.png,3,25
SOB_M_LC-14-15570-40-029.png,0,28
SOB_M_LC-14-15570-40-030.png,0,28
SOB_M_LC-14-15570-40-031.png,0,28
SOB_M_LC-14-15570-40-032.png,0,28
SOB_M_LC-14-15570-40-033.png,0,28
SOB_M_LC-14-15570-40-034.png,0,28
SOB_M_LC-14-15570-40-035.png,0,28
SOB_M_LC-14-15570-40-036.png,0,28
SOB_M_LC-14-15570-40-037.png,0,28
SOB_M_LC-14-15570-40-038.png,0,28
SOB_M_LC-14-15570-40-039.png,0,28
SOB_M_LC-14-15570-40-040.png,0,28
SOB_M_LC-14-15570-40-041.png,0,28
SOB_M_LC-14-15570-40-042.png,0,28
SOB_M_LC-14-15570-40-043.png,0,28
SOB_M_LC-14-15570-40-044.png,0,28
SOB_M_LC-14-15570-40-045.png,0,28
SOB_M_LC-14-15570-40-046.png,0,28
SOB_M_LC-14-15570-40-047.png,0,28
SOB_M_LC-14-15570-40-048.png,0,28
SOB_M_LC-14-15570-40-049.png,0,28
SOB_M_LC-14-15570-40-050.png,0,28
SOB_M_LC-14-15570-40-051.png,1,27
SOB_M_LC-14-15570-400-001.png,4,24
SOB_M_LC-14-15570-400-002.png,1,27
SOB_M_LC-14-15570-400-003.png,2,26
SOB_M_LC-14-15570-400-004.png,7,21
SOB_M_LC-14-15570-400-005.png,5,23
SOB_M_LC-14-15570-400-006.png,8,20
SOB_M_LC-14-15570-400-007.png,6,22
SOB_M_LC-14-15570-400-008.png,10,18
SOB_M_LC-14-15570-400-009.png,17,11
SOB_M_LC-14-15570-400-010.png,24,4
SOB_M_LC-14-15570-400-011.png,24,4
SOB_M_LC-14-15570-400-012.png,26,2
SOB_M_LC-14-15570-400-013.png,27,1
SOB_M_LC-14-15570-400-014.png,16,12
SOB_M_LC-14-15570-400-015.png,24,4
SOB_M_LC-14-15570-400-016.png,24,4
SOB_M_LC-14-15570-400-017.png,24,4
SOB_M_LC-14-15570-400-018.png,18,10
SOB_M_LC-14-15570-400-019.png,3,25
SOB_M_LC-14-15570-400-020.png,2,26
SOB_M_LC-14-15570-400-021.png,0,28
SOB_M_LC-14-15570-400-022.png,0,28
SOB_M_LC-14-15570-400-023.png,0,28
SOB_M_LC-14-15570-400-024.png,0,28
SOB_M_LC-14-15570-400-025.png,0,28
SOB_M_LC-14-15570-400-026.png,1,27
SOB_M_LC-14-15570-400-027.png,0,28
SOB_M_LC-14-15570-400-028.png,0,28
SOB_M_LC-14-15570-400-029.png,0,28
SOB_M_LC-14-15570-400-030.png,0,28
SOB_M_LC-14-15570-400-031.png,0,28
SOB_M_LC-14-15570-400-032.png,0,28
SOB_M_LC-14-15570-400-033.png,0,28
SOB_M_LC-14-15570-400-034.png,0,28
SOB_M_LC-14-15570-400-035.png,0,28
SOB_M_LC-14-15570-400-036.png,6,22
SOB_M_LC-14-15570-400-037.png,2,26
SOB_M_LC-14-15570-400-038.png,1,27
SOB_M_LC-14-15570-400-039.png,0,28
SOB_M_LC-14-15570-400-040.png,0,28
SOB_M_LC-14-15570-400-041.png,0,28
SOB_M_LC-14-16196-100-001.png,0,28
SOB_M_LC-14-16196-100-002.png,0,28
SOB_M_LC-14-16196-100-003.png,2,26
SOB_M_LC-14-16196-100-004.png,0,28
SOB_M_LC-14-16196-100-005.png,0,28
SOB_M_LC-14-16196-100-006.png,0,28
SOB_M_LC-14-16196-100-007.png,0,28
SOB_M_LC-14-16196-100-008.png,0,28
SOB_M_LC-14-16196-100-009.png,0,28
SOB_M_LC-14-16196-100-010.png,0,28
SOB_M_LC-14-16196-100-011.png,0,28
SOB_M_LC-14-16196-100-012.png,0,28
SOB_M_LC-14-16196-100-013.png,0,28
SOB_M_LC-14-16196-100-014.png,0,28
SOB_M_LC-14-16196-100-015.png,0,28
SOB_M_LC-14-16196-100-016.png,0,28
SOB_M_LC-14-16196-100-017.png,0,28
SOB_M_LC-14-16196-200-001.png,0,28
SOB_M_LC-14-16196-200-002.png,0,28
SOB_M_LC-14-16196-200-003.png,0,28
SOB_M_LC-14-16196-200-004.png,0,28
SOB_M_LC-14-16196-200-005.png,0,28
SOB_M_LC-14-16196-200-006.png,1,27
SOB_M_LC-14-16196-200-007.png,0,28
SOB_M_LC-14-16196-200-008.png,0,28
SOB_M_LC-14-16196-200-009.png,0,28
SOB_M_LC-14-16196-200-010.png,0,28
SOB_M_LC-14-16196-200-011.png,0,28
SOB_M_LC-14-16196-200-012.png,0,28
SOB_M_LC-14-16196-200-013.png,0,28
SOB_M_LC-14-16196-200-014.png,0,28
SOB_M_LC-14-16196-200-015.png,1,27
SOB_M_LC-14-16196-200-016.png,0,28
SOB_M_LC-14-16196-200-017.png,0,28
SOB_M_LC-14-16196-200-018.png,0,28
SOB_M_LC-14-16196-40-001.png,0,28
SOB_M_LC-14-16196-40-002.png,0,28
SOB_M_LC-14-16196-40-003.png,0,28
SOB_M_LC-14-16196-40-004.png,0,28
SOB_M_LC-14-16196-40-005.png,0,28
SOB_M_LC-14-16196-40-006.png,0,28
SOB_M_LC-14-16196-40-007.png,0,28
SOB_M_LC-14-16196-40-008.png,0,28
SOB_M_LC-14-16196-40-009.png,1,27
SOB_M_LC-14-16196-40-010.png,0,28
SOB_M_LC-14-16196-40-011.png,0,28
SOB_M_LC-14-16196-40-012.png,0,28
SOB_M_LC-14-16196-40-013.png,0,28
SOB_M_LC-14-16196-40-014.png,0,28
SOB_M_LC-14-16196-40-015.png,0,28
SOB_M_LC-14-16196-40-016.png,0,28
SOB_M_LC-14-16196-40-017.png,0,28
SOB_M_LC-14-16196-40-018.png,4,24
SOB_M_LC-14-16196-40-019.png,1,27
SOB_M_LC-14-16196-40-020.png,1,27
SOB_M_LC-14-16196-40-021.png,0,28
SOB_M_LC-14-16196-40-022.png,2,26
SOB_M_LC-14-16196-400-001.png,0,28
SOB_M_LC-14-16196-400-002.png,0,28
SOB_M_LC-14-16196-400-003.png,0,28
SOB_M_LC-14-16196-400-004.png,0,28
SOB_M_LC-14-16196-400-005.png,0,28
SOB_M_LC-14-16196-400-006.png,0,28
SOB_M_LC-14-16196-400-007.png,0,28
SOB_M_LC-14-16196-400-008.png,1,27
SOB_M_LC-14-16196-400-009.png,1,27
SOB_M_LC-14-16196-400-010.png,0,28
SOB_M_LC-14-16196-400-011.png,0,28
SOB_M_LC-14-16196-400-012.png,0,28
SOB_M_LC-14-16196-400-013.png,1,27
SOB_M_LC-14-16196-400-014.png,0,28
SOB_M_LC-14-16196-400-015.png,1,27
SOB_M_LC-14-16196-400-016.png,0,28
SOB_M_LC-14-16196-400-017.png,0,28
SOB_M_MC-14-12773-100-001.png,28,0
SOB_M_MC-14-12773-100-002.png,27,1
SOB_M_MC-14-12773-100-003.png,27,1
SOB_M_MC-14-12773-100-004.png,28,0
SOB_M_MC-14-12773-100-005.png,23,5
SOB_M_MC-14-12773-100-006.png,22,6
SOB_M_MC-14-12773-100-007.png,23,5
SOB_M_MC-14-12773-100-008.png,27,1
SOB_M_MC-14-12773-100-009.png,27,1
SOB_M_MC-14-12773-100-010.png,25,3
SOB_M_MC-14-12773-100-011.png,23,5
SOB_M_MC-14-12773-100-012.png,27,1
SOB_M_MC-14-12773-100-013.png,25,3
SOB_M_MC-14-12773-100-014.png,19,9
SOB_M_MC-14-12773-100-015.png,26,2
SOB_M_MC-14-12773-100-016.png,20,8
SOB_M_MC-14-12773-100-017.png,20,8
SOB_M_MC-14-12773-100-018.png,22,6
SOB_M_MC-14-12773-100-019.png,22,6
SOB_M_MC-14-12773-100-020.png,20,8
SOB_M_MC-14-12773-100-021.png,8,20
SOB_M_MC-14-12773-100-022.png,16,12
SOB_M_MC-14-12773-100-023.png,17,11
SOB_M_MC-14-12773-100-024.png,15,13
SOB_M_MC-14-12773-100-025.png,9,19
SOB_M_MC-14-12773-200-001.png,6,22
SOB_M_MC-14-12773-200-002.png,6,22
SOB_M_MC-14-12773-200-003.png,6,22
SOB_M_MC-14-12773-200-004.png,3,25
SOB_M_MC-14-12773-200-005.png,2,26
SOB_M_MC-14-12773-200-006.png,6,22
SOB_M_MC-14-12773-200-007.png,22,6
SOB_M_MC-14-12773-200-008.png,8,20
SOB_M_MC-14-12773-200-009.png,9,19
SOB_M_MC-14-12773-200-010.png,6,22
SOB_M_MC-14-12773-200-011.png,6,22
SOB_M_MC-14-12773-200-012.png,9,19
SOB_M_MC-14-12773-200-013.png,10,18
SOB_M_MC-14-12773-200-014.png,11,17
SOB_M_MC-14-12773-200-015.png,11,17
SOB_M_MC-14-12773-200-016.png,11,17
SOB_M_MC-14-12773-200-017.png,4,24
SOB_M_MC-14-12773-200-018.png,5,23
SOB_M_MC-14-12773-200-019.png,3,25
SOB_M_MC-14-12773-200-020.png,5,23
SOB_M_MC-14-12773-200-021.png,1,27
SOB_M_MC-14-12773-40-001.png,24,4
SOB_M_MC-14-12773-40-002.png,21,7
SOB_M_MC-14-12773-40-003.png,5,23
SOB_M_MC-14-12773-40-004.png,4,24
SOB_M_MC-14-12773-40-005.png,3,25
SOB_M_MC-14-12773-40-006.png,4,24
SOB_M_MC-14-12773-40-007.png,9,19
SOB_M_MC-14-12773-40-008.png,9,19
SOB_M_MC-14-12773-40-009.png,10,18
SOB_M_MC-14-12773-40-010.png,10,18
SOB_M_MC-14-12773-40-011.png,15,13
SOB_M_MC-14-12773-40-012.png,15,13
SOB_M_MC-14-12773-40-013.png,4,24
SOB_M_MC-14-12773-40-014.png,4,24
SOB_M_MC-14-12773-40-015.png,7,21
SOB_M_MC-14-12773-40-016.png,5,23
SOB_M_MC-14-12773-40-017.png,0,28
SOB_M_MC-14-12773-40-018.png,17,11
SOB_M_MC-14-12773-40-019.png,13,15
SOB_M_MC-14-12773-40-020.png,15,13
SOB_M_MC-14-12773-40-021.png,15,13
SOB_M_MC-14-12773-40-022.png,10,18
SOB_M_MC-14-12773-40-023.png,8,20
SOB_M_MC-14-12773-40-024.png,12,16
SOB_M_MC-14-12773-40-025.png,17,11
SOB_M_MC-14-12773-40-026.png,26,2
SOB_M_MC-14-12773-400-001.png,6,22
SOB_M_MC-14-12773-400-002.png,4,24
SOB_M_MC-14-12773-400-003.png,12,16
SOB_M_MC-14-12773-400-004.png,22,6
SOB_M_MC-14-12773-400-005.png,8,20
SOB_M_MC-14-12773-400-006.png,11,17
SOB_M_MC-14-12773-400-007.png,12,16
SOB_M_MC-14-12773-400-008.png,13,15
SOB_M_MC-14-12773-400-009.png,3,25
SOB_M_MC-14-12773-400-010.png,4,24
SOB_M_MC-14-12773-400-011.png,0,28
SOB_M_MC-14-12773-400-012.png,8,20
SOB_M_MC-14-12773-400-013.png,8,20
SOB_M_MC-14-12773-400-014.png,11,17
SOB_M_MC-14-12773-400-015.png,1,27
SOB_M_MC-14-12773-400-016.png,7,21
SOB_M_MC-14-12773-400-017.png,9,19
SOB_M_MC-14-12773-400-018.png,21,7
SOB_M_MC-14-16456-100-001.png,0,28
SOB_M_MC-14-16456-100-002.png,1,27
SOB_M_MC-14-16456-100-003.png,0,28
SOB_M_MC-14-16456-100-004.png,0,28
SOB_M_MC-14-16456-100-005.png,1,27
SOB_M_MC-14-16456-100-006.png,5,23
SOB_M_MC-14-16456-100-007.png,0,28
SOB_M_MC-14-16456-100-008.png,0,28
SOB_M_MC-14-16456-100-009.png,0,28
SOB_M_MC-14-16456-100-010.png,0,28
SOB_M_MC-14-16456-100-011.png,0,28
SOB_M_MC-14-16456-100-012.png,0,28
SOB_M_MC-14-16456-100-013.png,0,28
SOB_M_MC-14-16456-100-014.png,0,28
SOB_M_MC-14-16456-100-015.png,0,28
SOB_M_MC-14-16456-100-016.png,0,28
SOB_M_MC-14-16456-100-017.png,1,27
SOB_M_MC-14-16456-100-051.png,7,21
SOB_M_MC-14-16456-100-052.png,22,6
SOB_M_MC-14-16456-100-053.png,23,5
SOB_M_MC-14-16456-100-054.png,28,0
SOB_M_MC-14-16456-100-055.png,21,7
SOB_M_MC-14-16456-100-056.png,24,4
SOB_M_MC-14-16456-100-057.png,26,2
SOB_M_MC-14-16456-100-058.png,11,17
SOB_M_MC-14-16456-100-059.png,11,17
SOB_M_MC-14-16456-100-060.png,14,14
SOB_M_MC-14-16456-100-061.png,17,11
SOB_M_MC-14-16456-100-062.png,10,18
SOB_M_MC-14-16456-100-063.png,16,12
SOB_M_MC-14-16456-100-064.png,3,25
SOB_M_MC-14-16456-100-065.png,1,27
SOB_M_MC-14-16456-100-066.png,9,19
SOB_M_MC-14-16456-100-067.png,22,6
SOB_M_MC-14-16456-100-068.png,8,20
SOB_M_MC-14-16456-100-069.png,0,28
SOB_M_MC-14-16456-100-070.png,12,16
SOB_M_MC-14-16456-100-071.png,9,19
SOB_M_MC-14-16456-100-072.png,8,20
SOB_M_MC-14-16456-100-073.png,6,22
SOB_M_MC-14-16456-100-074.png,6,22
SOB_M_MC-14-16456-100-075.png,5,23
SOB_M_MC-14-16456-100-076.png,6,22
SOB_M_MC-14-16456-100-077.png,1,27
SOB_M_MC-14-16456-100-078.png,5,23
SOB_M_MC-14-16456-100-079.png,5,23
SOB_M_MC-14-16456-100-080.png,8,20
SOB_M_MC-14-16456-100-081.png,7,21
SOB_M_MC-14-16456-100-082.png,5,23
SOB_M_MC-14-16456-100-083.png,10,18
SOB_M_MC-14-16456-200-001.png,1,27
SOB_M_MC-14-16456-200-002.png,1,27
SOB_M_MC-14-16456-200-003.png,0,28
SOB_M_MC-14-16456-200-004.png,0,28
SOB_M_MC-14-16456-200-005.png,0,28
SOB_M_MC-14-16456-200-006.png,0,28
SOB_M_MC-14-16456-200-007.png,0,28
SOB_M_MC-14-16456-200-008.png,0,28
SOB_M_MC-14-16456-200-009.png,1,27
SOB_M_MC-14-16456-200-010.png,0,28
SOB_M_MC-14-16456-200-011.png,0,28
SOB_M_MC-14-16456-200-012.png,3,25
SOB_M_MC-14-16456-200-013.png,7,21
SOB_M_MC-14-16456-200-014.png,0,28
SOB_M_MC-14-16456-200-015.png,0,28
SOB_M_MC-14-16456-200-016.png,0,28
SOB_M_MC-14-16456-200-017.png,0,28
SOB_M_MC-14-16456-200-018.png,0,28
SOB_M_MC-14-16456-200-048.png,2,26
SOB_M_MC-14-16456-200-049.png,4,24
SOB_M_MC-14-16456-200-050.png,1,27
SOB_M_MC-14-16456-200-051.png,5,23
SOB_M_MC-14-16456-200-052.png,4,24
SOB_M_MC-14-16456-200-053.png,6,22
SOB_M_MC-14-16456-200-054.png,3,25
SOB_M_MC-14-16456-200-055.png,6,22
SOB_M_MC-14-16456-200-056.png,10,18
SOB_M_MC-14-16456-200-057.png,12,16
SOB_M_MC-14-16456-200-058.png,4,24
SOB_M_MC-14-16456-200-059.png,18,10
SOB_M_MC-14-16456-200-060.png,25,3
SOB_M_MC-14-16456-200-061.png,9,19
SOB_M_MC-14-16456-200-062.png,2,26
SOB_M_MC-14-16456-200-063.png,0,28
SOB_M_MC-14-16456-200-064.png,3,25
SOB_M_MC-14-16456-200-065.png,21,7
SOB_M_MC-14-16456-200-066.png,26,2
SOB_M_MC-14-16456-200-067.png,15,13
SOB_M_MC-14-16456-200-068.png,15,13
SOB_M_MC-14-16456-200-069.png,14,14
SOB_M_MC-14-16456-200-070.png,18,10
SOB_M_MC-14-16456-200-071.png,11,17
SOB_M_MC-14-16456-200-072.png,7,21
SOB_M_MC-14-16456-200-073.png,10,18
SOB_M_MC-14-16456-200-074.png,7,21
SOB_M_MC-14-16456-200-075.png,12,16
SOB_M_MC-14-16456-200-076.png,21,7
SOB_M_MC-14-16456-40-001.png,0,28
SOB_M_MC-14-16456-40-002.png,0,28
SOB_M_MC-14-16456-40-003.png,0,28
SOB_M_MC-14-16456-40-004.png,0,28
SOB_M_MC-14-16456-40-005.png,0,28
SOB_M_MC-14-16456-40-006.png,0,28
SOB_M_MC-14-16456-40-007.png,0,28
SOB_M_MC-14-16456-40-008.png,0,28
SOB_M_MC-14-16456-40-009.png,2,26
SOB_M_MC-14-16456-40-010.png,2,26
SOB_M_MC-14-16456-40-011.png,0,28
SOB_M_MC-14-16456-40-012.png,2,26
SOB_M_MC-14-16456-40-013.png,1,27
SOB_M_MC-14-16456-40-014.png,0,28
SOB_M_MC-14-16456-40-030.png,5,23
SOB_M_MC-14-16456-40-048.png,15,13
SOB_M_MC-14-16456-40-049.png,12,16
SOB_M_MC-14-16456-40-050.png,9,19
SOB_M_MC-14-16456-40-051.png,15,13
SOB_M_MC-14-16456-40-052.png,16,12
SOB_M_MC-14-16456-40-053.png,15,13
SOB_M_MC-14-16456-40-054.png,1,27
SOB_M_MC-14-16456-40-055.png,7,21
SOB_M_MC-14-16456-40-056.png,16,12
SOB_M_MC-14-16456-40-057.png,18,10
SOB_M_MC-14-16456-40-058.png,13,15
SOB_M_MC-14-16456-40-059.png,11,17
SOB_M_MC-14-16456-40-060.png,7,21
SOB_M_MC-14-16456-40-062.png,14,14
SOB_M_MC-14-16456-40-064.png,3,25
SOB_M_MC-14-16456-40-065.png,3,25
SOB_M_MC-14-16456-40-066.png,2,26
SOB_M_MC-14-16456-40-067.png,3,25
SOB_M_MC-14-16456-40-068.png,2,26
SOB_M_MC-14-16456-40-069.png,3,25
SOB_M_MC-14-16456-40-070.png,8,20
SOB_M_MC-14-16456-40-071.png,7,21
SOB_M_MC-14-16456-40-072.png,5,23
SOB_M_MC-14-16456-40-073.png,3,25
SOB_M_MC-14-16456-40-074.png,7,21
SOB_M_MC-14-16456-40-075.png,6,22
SOB_M_MC-14-16456-40-076.png,4,24
SOB_M_MC-14-16456-40-077.png,1,27
SOB_M_MC-14-16456-40-078.png,1,27
SOB_M_MC-14-16456-40-079.png,0,28
SOB_M_MC-14-16456-40-080.png,1,27
SOB_M_MC-14-16456-400-001.png,0,28
SOB_M_MC-14-16456-400-002.png,0,28
SOB_M_MC-14-16456-400-003.png,0,28
SOB_M_MC-14-16456-400-004.png,0,28
SOB_M_MC-14-16456-400-005.png,0,28
SOB_M_MC-14-16456-400-006.png,0,28
SOB_M_MC-14-16456-400-007.png,0,28
SOB_M_MC-14-16456-400-008.png,0,28
SOB_M_MC-14-16456-400-009.png,1,27
SOB_M_MC-14-16456-400-010.png,0,28
SOB_M_MC-14-16456-400-011.png,0,28
SOB_M_MC-14-16456-400-012.png,0,28
SOB_M_MC-14-16456-400-036.png,3,25
SOB_M_MC-14-16456-400-037.png,16,12
SOB_M_MC-14-16456-400-038.png,15,13
SOB_M_MC-14-16456-400-039.png,12,16
SOB_M_MC-14-16456-400-040.png,17,11
SOB_M_MC-14-16456-400-041.png,14,14
SOB_M_MC-14-16456-400-042.png,1,27
SOB_M_MC-14-16456-400-043.png,7,21
SOB_M_MC-14-16456-400-044.png,3,25
SOB_M_MC-14-16456-400-045.png,9,19
SOB_M_MC-14-16456-400-046.png,1,27
SOB_M_MC-14-16456-400-047.png,8,20
SOB_M_MC-14-16456-400-048.png,22,6
SOB_M_MC-14-16456-400-049.png,16,12
SOB_M_MC-14-16456-400-050.png,7,21
SOB_M_MC-14-16456-400-051.png,6,22
SOB_M_MC-14-16456-400-052.png,7,21
SOB_M_MC-14-16456-400-053.png,17,11
SOB_M_MC-14-16456-400-054.png,12,16
SOB_M_MC-14-16456-400-055.png,11,17
SOB_M_MC-14-16456-400-056.png,12,16
SOB_M_MC-14-16456-400-057.png,16,12
SOB_M_MC-14-16456-400-058.png,15,13
SOB_M_MC-14-18842D-100-001.png,0,28
SOB_M_MC-14-18842D-100-002.png,3,25
SOB_M_MC-14-18842D-100-003.png,2,26
SOB_M_MC-14-18842D-100-004.png,1,27
SOB_M_MC-14-18842D-100-005.png,3,25
SOB_M_MC-14-18842D-100-006.png,1,27
SOB_M_MC-14-18842D-100-007.png,2,26
SOB_M_MC-14-18842D-100-008.png,0,28
SOB_M_MC-14-18842D-100-009.png,3,25
SOB_M_MC-14-18842D-100-010.png,3,25
SOB_M_MC-14-18842D-100-011.png,0,28
SOB_M_MC-14-18842D-100-012.png,6,22
SOB_M_MC-14-18842D-100-013.png,2,26
SOB_M_MC-14-18842D-100-014.png,6,22
SOB_M_MC-14-18842D-100-015.png,3,25
SOB_M_MC-14-18842D-100-016.png,5,23
SOB_M_MC-14-18842D-200-001.png,3,25
SOB_M_MC-14-18842D-200-002.png,5,23
SOB_M_MC-14-18842D-200-003.png,9,19
SOB_M_MC-14-18842D-200-004.png,10,18
SOB_M_MC-14-18842D-200-005.png,7,21
SOB_M_MC-14-18842D-200-006.png,7,21
SOB_M_MC-14-18842D-200-007.png,6,22
SOB_M_MC-14-18842D-200-008.png,11,17
SOB_M_MC-14-18842D-200-009.png,6,22
SOB_M_MC-14-18842D-200-010.png,11,17
SOB_M_MC-14-18842D-200-011.png,7,21
SOB_M_MC-14-18842D-200-012.png,10,18
SOB_M_MC-14-18842D-200-013.png,3,25
SOB_M_MC-14-18842D-200-014.png,8,20
SOB_M_MC-14-18842D-200-015.png,13,15
SOB_M_MC-14-18842D-200-016.png,14,14
SOB_M_MC-14-18842D-40-001.png,1,27
SOB_M_MC-14-18842D-40-002.png,3,25
SOB_M_MC-14-18842D-40-003.png,1,27
SOB_M_MC-14-18842D-40-004.png,1,27
SOB_M_MC-14-18842D-40-005.png,6,22
SOB_M_MC-14-18842D-40-006.png,4,24
SOB_M_MC-14-18842D-40-007.png,2,26
SOB_M_MC-14-18842D-40-008.png,13,15
SOB_M_MC-14-18842D-40-009.png,13,15
SOB_M_MC-14-18842D-40-010.png,7,21
SOB_M_MC-14-18842D-40-011.png,1,27
SOB_M_MC-14-18842D-40-012.png,21,7
SOB_M_MC-14-18842D-40-013.png,11,17
SOB_M_MC-14-18842D-40-014.png,8,20
SOB_M_MC-14-18842D-40-015.png,22,6
SOB_M_MC-14-18842D-40-016.png,16,12
SOB_M_MC-14-18842D-400-001.png,18,10
SOB_M_MC-14-18842D-400-002.png,16,12
SOB_M_MC-14-18842D-400-003.png,23,5
SOB_M_MC-14-18842D-400-004.png,17,11
SOB_M_MC-14-18842D-400-005.png,20,8
SOB_M_MC-14-18842D-400-006.png,19,9
SOB_M_MC-14-18842D-400-007.png,23,5
SOB_M_MC-14-18842D-400-008.png,15,13
SOB_M_MC-14-18842D-400-009.png,9,19
SOB_M_MC-14-18842D-400-010.png,24,4
SOB_M_MC-14-18842D-400-011.png,25,3
SOB_M_MC-14-18842D-400-012.png,21,7
SOB_M_MC-14-18842D-400-013.png,21,7
SOB_M_MC-14-18842D-400-014.png,25,3
SOB_M_MC-14-18842D-400-015.png,23,5
SOB_M_MC-14-18842D-400-016.png,25,3
SOB_M_PC-14-15687B-100-001.png,9,19
SOB_M_PC-14-15687B-100-002.png,12,16
SOB_M_PC-14-15687B-100-003.png,11,17
SOB_M_PC-14-15687B-100-004.png,2,26
SOB_M_PC-14-15687B-100-005.png,5,23
SOB_M_PC-14-15687B-100-006.png,4,24
SOB_M_PC-14-15687B-100-007.png,1,27
SOB_M_PC-14-15687B-100-008.png,4,24
SOB_M_PC-14-15687B-100-009.png,2,26
SOB_M_PC-14-15687B-100-010.png,13,15
SOB_M_PC-14-15687B-100-011.png,0,28
SOB_M_PC-14-15687B-100-012.png,11,17
SOB_M_PC-14-15687B-100-013.png,1,27
SOB_M_PC-14-15687B-100-014.png,10,18
SOB_M_PC-14-15687B-100-015.png,7,21
SOB_M_PC-14-15687B-100-016.png,13,15
SOB_M_PC-14-15687B-200-001.png,25,3
SOB_M_PC-14-15687B-200-002.png,28,0
SOB_M_PC-14-15687B-200-003.png,23,5
SOB_M_PC-14-15687B-200-004.png,26,2
SOB_M_PC-14-15687B-200-005.png,28,0
SOB_M_PC-14-15687B-200-006.png,25,3
SOB_M_PC-14-15687B-200-007.png,28,0
SOB_M_PC-14-15687B-200-008.png,16,12
SOB_M_PC-14-15687B-200-009.png,21,7
SOB_M_PC-14-15687B-200-010.png,22,6
SOB_M_PC-14-15687B-200-011.png,13,15
SOB_M_PC-14-15687B-200-012.png,13,15
SOB_M_PC-14-15687B-200-013.png,11,17
SOB_M_PC-14-15687B-200-014.png,11,17
SOB_M_PC-14-15687B-40-001.png,15,13
SOB_M_PC-14-15687B-40-002.png,6,22
SOB_M_PC-14-15687B-40-003.png,5,23
SOB_M_PC-14-15687B-40-004.png,6,22
SOB_M_PC-14-15687B-40-005.png,8,20
SOB_M_PC-14-15687B-40-006.png,14,14
SOB_M_PC-14-15687B-40-007.png,6,22
SOB_M_PC-14-15687B-40-008.png,8,20
SOB_M_PC-14-15687B-40-009.png,6,22
SOB_M_PC-14-15687B-40-010.png,5,23
SOB_M_PC-14-15687B-40-011.png,18,10
SOB_M_PC-14-15687B-40-012.png,21,7
SOB_M_PC-14-15687B-40-013.png,14,14
SOB_M_PC-14-15687B-40-014.png,15,13
SOB_M_PC-14-15687B-40-015.png,18,10
SOB_M_PC-14-15687B-40-016.png,12,16
SOB_M_PC-14-15687B-40-017.png,11,17
SOB_M_PC-14-15687B-400-001.png,17,11
SOB_M_PC-14-15687B-400-002.png,11,17
SOB_M_PC-14-15687B-400-003.png,27,1
SOB_M_PC-14-15687B-400-004.png,27,1
SOB_M_PC-14-15687B-400-005.png,28,0
SOB_M_PC-14-15687B-400-006.png,26,2
SOB_M_PC-14-15687B-400-007.png,23,5
SOB_M_PC-14-15687B-400-008.png,19,9
SOB_M_PC-14-15687B-400-009.png,26,2
SOB_M_PC-14-15687B-400-010.png,25,3
SOB_M_PC-14-15687B-400-011.png,24,4
SOB_M_PC-14-15687B-400-012.png,28,0
SOB_M_PC-14-15687B-400-013.png,17,11
SOB_M_PC-14-15687B-400-014.png,15,13
SOB_M_PC-14-15687B-400-015.png,13,15
SOB_M_PC-14-9146-100-001.png,28,0
SOB_M_PC-14-9146-100-002.png,27,1
SOB_M_PC-14-9146-100-003.png,28,0
SOB_M_PC-14-9146-100-004.png,28,0
SOB_M_PC-14-9146-100-005.png,28,0
SOB_M_PC-14-9146-100-006.png,28,0
SOB_M_PC-14-9146-100-007.png,21,7
SOB_M_PC-14-9146-100-008.png,22,6
SOB_M_PC-14-9146-100-009.png,19,9
SOB_M_PC-14-9146-100-010.png,16,12
SOB_M_PC-14-9146-100-011.png,16,12
SOB_M_PC-14-9146-100-012.png,10,18
SOB_M_PC-14-9146-100-013.png,19,9
SOB_M_PC-14-9146-100-014.png,11,17
SOB_M_PC-14-9146-100-015.png,15,13
SOB_M_PC-14-9146-100-016.png,9,19
SOB_M_PC-14-9146-100-017.png,2,26
SOB_M_PC-14-9146-100-018.png,8,20
SOB_M_PC-14-9146-100-019.png,8,20
SOB_M_PC-14-9146-100-020.png,11,17
SOB_M_PC-14-9146-100-021.png,23,5
SOB_M_PC-14-9146-100-022.png,26,2
SOB_M_PC-14-9146-200-001.png,27,1
SOB_M_PC-14-9146-200-002.png,28,0
SOB_M_PC-14-9146-200-003.png,22,6
SOB_M_PC-14-9146-200-004.png,27,1
SOB_M_PC-14-9146-200-005.png,27,1
SOB_M_PC-14-9146-200-006.png,25,3
SOB_M_PC-14-9146-200-007.png,26,2
SOB_M_PC-14-9146-200-008.png,22,6
SOB_M_PC-14-9146-200-009.png,28,0
SOB_M_PC-14-9146-200-010.png,28,0
SOB_M_PC-14-9146-200-011.png,28,0
SOB_M_PC-14-9146-200-012.png,28,0
SOB_M_PC-14-9146-200-013.png,22,6
SOB_M_PC-14-9146-200-014.png,28,0
SOB_M_PC-14-9146-200-015.png,23,5
SOB_M_PC-14-9146-200-016.png,24,4
SOB_M_PC-14-9146-200-017.png,25,3
SOB_M_PC-14-9146-200-018.png,26,2
SOB_M_PC-14-9146-200-019.png,25,3
SOB_M_PC-14-9146-200-020.png,15,13
SOB_M_PC-14-9146-200-021.png,26,2
SOB_M_PC-14-9146-40-001.png,16,12
SOB_M_PC-14-9146-40-002.png,10,18
SOB_M_PC-14-9146-40-003.png,10,18
SOB_M_PC-14-9146-40-004.png,10,18
SOB_M_PC-14-9146-40-005.png,14,14
SOB_M_PC-14-9146-40-006.png,21,7
SOB_M_PC-14-9146-40-007.png,26,2
SOB_M_PC-14-9146-40-008.png,21,7
SOB_M_PC-14-9146-40-009.png,20,8
SOB_M_PC-14-9146-40-010.png,23,5
SOB_M_PC-14-9146-40-011.png,21,7
SOB_M_PC-14-9146-40-012.png,19,9
SOB_M_PC-14-9146-40-013.png,25,3
SOB_M_PC-14-9146-40-014.png,20,8
SOB_M_PC-14-9146-40-015.png,21,7
SOB_M_PC-14-9146-40-016.png,18,10
SOB_M_PC-14-9146-40-017.png,19,9
SOB_M_PC-14-9146-40-018.png,21,7
SOB_M_PC-14-9146-40-019.png,11,17
SOB_M_PC-14-9146-40-020.png,26,2
SOB_M_PC-14-9146-40-021.png,27,1
SOB_M_PC-14-9146-40-022.png,26,2
SOB_M_PC-14-9146-40-023.png,27,1
SOB_M_PC-14-9146-400-001.png,14,14
SOB_M_PC-14-9146-400-002.png,19,9
SOB_M_PC-14-9146-400-003.png,28,0
SOB_M_PC-14-9146-400-004.png,26,2
SOB_M_PC-14-9146-400-005.png,23,5
SOB_M_PC-14-9146-400-006.png,25,3
SOB_M_PC-14-9146-400-007.png,23,5
SOB_M_PC-14-9146-400-008.png,22,6
SOB_M_PC-14-9146-400-009.png,18,10
SOB_M_PC-14-9146-400-010.png,28,0
SOB_M_PC-14-9146-400-011.png,19,9
SOB_M_PC-14-9146-400-012.png,21,7
SOB_M_PC-14-9146-400-013.png,15,13
SOB_M_PC-14-9146-400-014.png,23,5
SOB_M_PC-14-9146-400-015.png,20,8
SOB_M_PC-14-9146-400-016.png,14,14
SOB_M_PC-14-9146-400-017.png,15,13
SOB_M_PC-14-9146-400-018.png,10,18
SOB_M_PC-14-9146-400-019.png,16,12
SOB_M_PC-14-9146-400-020.png,16,12
SOB_M_PC-14-9146-400-021.png,14,14
SOB_M_PC-14-9146-400-022.png,14,14
SOB_M_PC-14-9146-400-023.png,10,18
SOB_M_PC-14-9146-400-024.png,17,11
